algorithm,graph_name,node,x,y,value,marked,marked_reason,is_source
BTT,complete_n40,0,-0.012489245885548804,0.9895268745545545,761,False,local_reject,False
BTT,complete_n40,1,0.26443638695782384,-0.8581188887059569,790,False,local_reject,False
BTT,complete_n40,2,-0.38895503596351466,0.3621401699440378,754,False,local_reject,False
BTT,complete_n40,3,0.17589935778608723,-0.18592164668405198,806,False,local_reject,False
BTT,complete_n40,4,-0.14727450426066535,0.04254288840843191,752,False,local_reject,True
BTT,complete_n40,5,-0.8304739000261072,0.492735924085093,724,False,local_reject,False
BTT,complete_n40,6,0.8062688638882776,-0.5639159924849884,714,False,local_reject,False
BTT,complete_n40,7,-0.49554361091581023,-0.3262783848933181,719,False,local_reject,False
BTT,complete_n40,8,-0.4261933694633458,-0.6487824530488796,789,False,local_reject,False
BTT,complete_n40,9,-0.24137908456061646,0.8454041830787463,747,False,local_reject,True
BTT,complete_n40,10,-0.3714730732642651,-0.9458913176867934,816,False,local_reject,False
BTT,complete_n40,11,0.4988364789054577,0.42556551447534896,776,False,local_reject,False
BTT,complete_n40,12,-0.681076331191383,-0.7220089691763777,721,False,local_reject,True
BTT,complete_n40,13,0.24142954722717785,0.49195666893712486,787,False,local_reject,False
BTT,complete_n40,14,0.04388521232556774,-0.9800607456855277,765,False,local_reject,False
BTT,complete_n40,15,-0.13822875534212103,0.5096821855412805,749,False,local_reject,False
BTT,complete_n40,16,-0.6690871263176013,0.2405859101046382,731,False,local_reject,False
BTT,complete_n40,17,0.9636017355662122,0.29984689886497445,726,False,local_reject,False
BTT,complete_n40,18,0.5529204237558771,-0.8519796097916892,730,False,local_reject,False
BTT,complete_n40,19,-0.516052930559698,-0.030270651884655234,744,False,local_reject,False
BTT,complete_n40,20,0.1449000916635577,-0.5361789527981657,743,False,local_reject,False
BTT,complete_n40,21,-0.9119485728039498,-0.026908196389777955,767,False,local_reject,False
BTT,complete_n40,22,0.5803723431548107,0.7507826867539686,768,False,local_reject,True
BTT,complete_n40,23,0.6929634850086682,0.1983255231630924,796,False,local_reject,True
BTT,complete_n40,24,0.11718727522000129,0.7399058850881874,710,False,local_reject,False
BTT,complete_n40,25,0.5119734433015402,-0.5943360773218999,748,False,local_reject,False
BTT,complete_n40,26,0.9516962732044554,-0.0013892625607784513,713,False,local_reject,False
BTT,complete_n40,27,0.3354223275809008,0.9367715711529492,797,False,local_reject,False
BTT,complete_n40,28,-0.8764899287810141,-0.24365251760201498,796,False,local_reject,False
BTT,complete_n40,29,-1.0,0.23678424751318738,726,False,local_reject,False
BTT,complete_n40,30,0.4742353144079593,-0.3019516720429261,752,False,local_reject,False
BTT,complete_n40,31,0.774849421350992,0.5721759643795218,785,False,local_reject,False
BTT,complete_n40,32,-0.12085301942344259,-0.7663962012257067,746,False,local_reject,False
BTT,complete_n40,33,-0.6528959405972294,0.6715798594059266,818,False,local_reject,False
BTT,complete_n40,34,-0.4790547604973804,0.8667155139355933,741,False,local_reject,False
BTT,complete_n40,35,0.21122865874307586,0.15759726620587053,770,False,local_reject,False
BTT,complete_n40,36,-0.1665809485394543,-0.37410326715198566,784,False,local_reject,False
BTT,complete_n40,37,0.9372794399895761,-0.28145279452454075,802,False,local_reject,False
BTT,complete_n40,38,0.6725560087659013,-0.10408174378589936,771,False,local_reject,False
BTT,complete_n40,39,-0.8258919504107824,-0.4869463901466363,786,False,local_reject,False
FV,complete_n40,0,-0.012489245885548804,0.9895268745545545,0.025,False,source,False
FV,complete_n40,1,0.26443638695782384,-0.8581188887059569,0.025,False,source,False
FV,complete_n40,2,-0.38895503596351466,0.3621401699440378,0.025,False,source,False
FV,complete_n40,3,0.17589935778608723,-0.18592164668405198,0.025,False,source,False
FV,complete_n40,4,-0.14727450426066535,0.04254288840843191,0.025,True,source,True
FV,complete_n40,5,-0.8304739000261072,0.492735924085093,0.025,False,source,False
FV,complete_n40,6,0.8062688638882776,-0.5639159924849884,0.025,False,source,False
FV,complete_n40,7,-0.49554361091581023,-0.3262783848933181,0.025000000000000005,False,source,False
FV,complete_n40,8,-0.4261933694633458,-0.6487824530488796,0.025000000000000005,False,source,False
FV,complete_n40,9,-0.24137908456061646,0.8454041830787463,0.025000000000000005,False,source,False
FV,complete_n40,10,-0.3714730732642651,-0.9458913176867934,0.025000000000000005,False,source,False
FV,complete_n40,11,0.4988364789054577,0.42556551447534896,0.02500000000000001,False,source,False
FV,complete_n40,12,-0.681076331191383,-0.7220089691763777,0.025000000000000005,False,source,False
FV,complete_n40,13,0.24142954722717785,0.49195666893712486,0.02500000000000001,False,source,False
FV,complete_n40,14,0.04388521232556774,-0.9800607456855277,0.02500000000000001,False,source,False
FV,complete_n40,15,-0.13822875534212103,0.5096821855412805,0.02500000000000001,False,source,False
FV,complete_n40,16,-0.6690871263176013,0.2405859101046382,0.02500000000000001,False,source,False
FV,complete_n40,17,0.9636017355662122,0.29984689886497445,0.02500000000000001,False,source,False
FV,complete_n40,18,0.5529204237558771,-0.8519796097916892,0.02500000000000001,False,source,False
FV,complete_n40,19,-0.516052930559698,-0.030270651884655234,0.02500000000000001,False,source,False
FV,complete_n40,20,0.1449000916635577,-0.5361789527981657,0.02500000000000001,False,source,False
FV,complete_n40,21,-0.9119485728039498,-0.026908196389777955,0.02500000000000001,False,source,False
FV,complete_n40,22,0.5803723431548107,0.7507826867539686,0.02500000000000001,False,source,False
FV,complete_n40,23,0.6929634850086682,0.1983255231630924,0.025000000000000015,False,source,False
FV,complete_n40,24,0.11718727522000129,0.7399058850881874,0.025000000000000022,False,source,False
FV,complete_n40,25,0.5119734433015402,-0.5943360773218999,0.025000000000000022,False,source,False
FV,complete_n40,26,0.9516962732044554,-0.0013892625607784513,0.025000000000000022,False,source,False
FV,complete_n40,27,0.3354223275809008,0.9367715711529492,0.025000000000000022,False,source,False
FV,complete_n40,28,-0.8764899287810141,-0.24365251760201498,0.025000000000000026,False,source,False
FV,complete_n40,29,-1.0,0.23678424751318738,0.02500000000000003,False,source,False
FV,complete_n40,30,0.4742353144079593,-0.3019516720429261,0.02500000000000003,False,source,False
FV,complete_n40,31,0.774849421350992,0.5721759643795218,0.025000000000000026,False,source,False
FV,complete_n40,32,-0.12085301942344259,-0.7663962012257067,0.025000000000000022,False,source,False
FV,complete_n40,33,-0.6528959405972294,0.6715798594059266,0.025000000000000026,False,source,False
FV,complete_n40,34,-0.4790547604973804,0.8667155139355933,0.025000000000000022,True,source,True
FV,complete_n40,35,0.21122865874307586,0.15759726620587053,0.025000000000000026,False,source,False
FV,complete_n40,36,-0.1665809485394543,-0.37410326715198566,0.025000000000000022,True,source,True
FV,complete_n40,37,0.9372794399895761,-0.28145279452454075,0.025000000000000022,False,source,False
FV,complete_n40,38,0.6725560087659013,-0.10408174378589936,0.025000000000000005,False,source,False
FV,complete_n40,39,-0.8258919504107824,-0.4869463901466363,0.024999999999999523,False,source,False
BTT,reg4_n40,0,0.4189317848335014,0.4903520926423725,9,False,local_reject,False
BTT,reg4_n40,1,-0.19181010012336389,0.3623102688506473,6,False,local_reject,False
BTT,reg4_n40,2,-0.9229675846532374,0.45541453346573646,9,False,local_reject,False
BTT,reg4_n40,3,-0.7137374210459814,0.16975851771873438,7,False,local_reject,True
BTT,reg4_n40,4,0.5944642820413897,0.2646094448243856,10,False,local_reject,False
BTT,reg4_n40,5,0.02413173209108723,0.7192623388213856,9,False,local_reject,False
BTT,reg4_n40,6,-0.6114711616500361,-0.6350394338312704,5,False,local_reject,False
BTT,reg4_n40,7,-0.74303609804875,-0.14698490054153143,4,False,local_reject,False
BTT,reg4_n40,8,0.2884163528659404,-0.20767120432990605,5,False,local_reject,False
BTT,reg4_n40,9,-0.281501120680753,-0.4005045664870119,10,False,local_reject,False
BTT,reg4_n40,10,0.7132873793829543,-0.40431392816198747,10,False,local_reject,False
BTT,reg4_n40,11,0.2786297848057388,-0.05780213814268572,4,False,local_reject,False
BTT,reg4_n40,12,0.45366851448727735,0.06173680764830455,8,False,local_reject,True
BTT,reg4_n40,13,0.046967966693362874,-0.3918251926040544,10,False,local_reject,False
BTT,reg4_n40,14,-0.44808765963559155,-0.05929363900996366,10,False,local_reject,False
BTT,reg4_n40,15,-0.11072100780951052,0.9999999999999999,7,False,local_reject,False
BTT,reg4_n40,16,-0.16176888427091682,0.7171293764067125,4,False,local_reject,False
BTT,reg4_n40,17,0.12959313281613258,0.7943160191980148,13,False,local_reject,False
BTT,reg4_n40,18,-0.48851940287776136,0.459253353223162,14,False,local_reject,False
BTT,reg4_n40,19,-0.5559578660399197,0.09445562121539158,8,False,local_reject,False
BTT,reg4_n40,20,0.9054045734744026,0.03560703364953422,5,False,local_reject,False
BTT,reg4_n40,21,0.5478255153777314,0.6248800914856241,9,False,local_reject,False
BTT,reg4_n40,22,-0.30019401375858945,0.21887905918201314,7,False,local_reject,False
BTT,reg4_n40,23,-0.28655955831301866,-0.2074309390472561,12,False,local_reject,False
BTT,reg4_n40,24,0.272133385221188,0.40923639108917625,8,False,local_reject,True
BTT,reg4_n40,25,0.6551695424150492,-0.5688888968528364,8,False,local_reject,False
BTT,reg4_n40,26,-0.4922098830376796,0.6544872658196708,6,False,local_reject,False
BTT,reg4_n40,27,0.15974381571202603,0.5003956447944639,10,False,local_reject,False
BTT,reg4_n40,28,0.31213360105087656,-0.8238877047745197,7,False,local_reject,False
BTT,reg4_n40,29,-0.08302955333549777,-0.071058026732258,10,False,local_reject,False
BTT,reg4_n40,30,0.12041616471027727,-0.7687827497798992,6,False,local_reject,False
BTT,reg4_n40,31,0.45653803099781365,-0.6600394014748548,9,False,local_reject,False
BTT,reg4_n40,32,-0.024807815528911318,-0.4831303866358681,7,False,local_reject,False
BTT,reg4_n40,33,-0.39885284033450213,-0.7791549497989206,7,False,local_reject,True
BTT,reg4_n40,34,-0.5664342857623782,0.789119542562467,12,False,local_reject,False
BTT,reg4_n40,35,0.5616022338626651,-0.20354372489050618,7,False,local_reject,False
BTT,reg4_n40,36,-0.5571506478545735,-0.40632567559401356,8,False,local_reject,False
BTT,reg4_n40,37,-0.10524855178367507,-0.9294352938896144,6,False,local_reject,False
BTT,reg4_n40,38,0.2979030894691161,-0.46818877169070616,7,False,local_reject,True
BTT,reg4_n40,39,0.8071045742361178,-0.14790187832813675,7,False,local_reject,False
FV,reg4_n40,0,0.4189317848335014,0.4903520926423725,0.025,False,source,False
FV,reg4_n40,1,-0.19181010012336389,0.3623102688506473,0.025,False,source,False
FV,reg4_n40,2,-0.9229675846532374,0.45541453346573646,0.025,False,source,False
FV,reg4_n40,3,-0.7137374210459814,0.16975851771873438,0.025,True,source,True
FV,reg4_n40,4,0.5944642820413897,0.2646094448243856,0.025,False,source,False
FV,reg4_n40,5,0.02413173209108723,0.7192623388213856,0.025,False,source,False
FV,reg4_n40,6,-0.6114711616500361,-0.6350394338312704,0.025,False,source,False
FV,reg4_n40,7,-0.74303609804875,-0.14698490054153143,0.025,True,source,True
FV,reg4_n40,8,0.2884163528659404,-0.20767120432990605,0.025,False,source,False
FV,reg4_n40,9,-0.281501120680753,-0.4005045664870119,0.025,False,source,False
FV,reg4_n40,10,0.7132873793829543,-0.40431392816198747,0.025,False,source,False
FV,reg4_n40,11,0.2786297848057388,-0.05780213814268572,0.025,False,source,False
FV,reg4_n40,12,0.45366851448727735,0.06173680764830455,0.025,False,source,False
FV,reg4_n40,13,0.046967966693362874,-0.3918251926040544,0.025,False,source,False
FV,reg4_n40,14,-0.44808765963559155,-0.05929363900996366,0.025,False,source,False
FV,reg4_n40,15,-0.11072100780951052,0.9999999999999999,0.025,False,source,False
FV,reg4_n40,16,-0.16176888427091682,0.7171293764067125,0.025,False,source,False
FV,reg4_n40,17,0.12959313281613258,0.7943160191980148,0.025,False,source,False
FV,reg4_n40,18,-0.48851940287776136,0.459253353223162,0.025,False,source,False
FV,reg4_n40,19,-0.5559578660399197,0.09445562121539158,0.025,False,source,False
FV,reg4_n40,20,0.9054045734744026,0.03560703364953422,0.025,False,source,False
FV,reg4_n40,21,0.5478255153777314,0.6248800914856241,0.025,True,source,True
FV,reg4_n40,22,-0.30019401375858945,0.21887905918201314,0.025,False,source,False
FV,reg4_n40,23,-0.28655955831301866,-0.2074309390472561,0.025,False,source,False
FV,reg4_n40,24,0.272133385221188,0.40923639108917625,0.025,False,source,False
FV,reg4_n40,25,0.6551695424150492,-0.5688888968528364,0.025,False,source,False
FV,reg4_n40,26,-0.4922098830376796,0.6544872658196708,0.025,False,source,False
FV,reg4_n40,27,0.15974381571202603,0.5003956447944639,0.025,False,source,False
FV,reg4_n40,28,0.31213360105087656,-0.8238877047745197,0.025,False,source,False
FV,reg4_n40,29,-0.08302955333549777,-0.071058026732258,0.025,False,source,False
FV,reg4_n40,30,0.12041616471027727,-0.7687827497798992,0.025,False,source,False
FV,reg4_n40,31,0.45653803099781365,-0.6600394014748548,0.025,False,source,False
FV,reg4_n40,32,-0.024807815528911318,-0.4831303866358681,0.025,False,source,False
FV,reg4_n40,33,-0.39885284033450213,-0.7791549497989206,0.025,False,source,False
FV,reg4_n40,34,-0.5664342857623782,0.789119542562467,0.025,False,source,False
FV,reg4_n40,35,0.5616022338626651,-0.20354372489050618,0.025,False,source,False
FV,reg4_n40,36,-0.5571506478545735,-0.40632567559401356,0.025,False,source,False
FV,reg4_n40,37,-0.10524855178367507,-0.9294352938896144,0.025,False,source,False
FV,reg4_n40,38,0.2979030894691161,-0.46818877169070616,0.025,False,source,False
FV,reg4_n40,39,0.8071045742361178,-0.14790187832813675,0.025,False,source,False
BTT,reg6_n40,0,0.8462536080353621,0.2708893267474619,17,False,local_reject,False
BTT,reg6_n40,1,0.552672071665017,0.2070679270601445,20,False,local_reject,True
BTT,reg6_n40,2,-0.6993465984752039,0.5039379769776542,30,False,local_reject,False
BTT,reg6_n40,3,-0.3164524216547267,0.8821041307117332,18,False,local_reject,False
BTT,reg6_n40,4,-0.43725602008483677,0.5082616247084757,21,False,local_reject,False
BTT,reg6_n40,5,-1.0,0.07202052992116711,17,False,local_reject,False
BTT,reg6_n40,6,-0.6230703171650643,-0.5038249367536182,23,False,local_reject,False
BTT,reg6_n40,7,-0.18136142138814199,-0.709674302863401,18,False,local_reject,False
BTT,reg6_n40,8,-0.39904778038182004,-0.11164178083154164,18,False,local_reject,False
BTT,reg6_n40,9,-0.7820165199715986,-0.5292516316275035,15,False,local_reject,False
BTT,reg6_n40,10,-0.019165745815069177,0.05461266355705585,23,False,local_reject,False
BTT,reg6_n40,11,-0.45942516349231804,0.3298303399711893,18,False,local_reject,False
BTT,reg6_n40,12,-0.16642109160099144,-0.12905112148963316,20,False,local_reject,False
BTT,reg6_n40,13,0.3783744510689174,-0.6469781404621169,14,False,local_reject,False
BTT,reg6_n40,14,0.28504002994471334,-0.02594547189993595,19,False,local_reject,False
BTT,reg6_n40,15,0.4432797208301486,0.49104912317538163,27,False,local_reject,False
BTT,reg6_n40,16,-0.09087075571686591,0.17027729298139532,14,False,local_reject,False
BTT,reg6_n40,17,-0.03941522241141172,-0.54796466137865,19,False,local_reject,False
BTT,reg6_n40,18,0.39844820481928767,0.1953997594296486,17,False,local_reject,False
BTT,reg6_n40,19,-0.37391416556873924,0.13732862559274264,10,False,local_reject,False
BTT,reg6_n40,20,0.15756641625357232,0.6921844895991239,25,False,local_reject,False
BTT,reg6_n40,21,-0.5407370172189249,-0.10730823396513686,12,False,local_reject,True
BTT,reg6_n40,22,0.2525446369229919,0.21812890883167343,14,False,local_reject,True
BTT,reg6_n40,23,-0.6338046261335961,-0.2233866757386979,17,False,local_reject,False
BTT,reg6_n40,24,0.6044826998028281,-0.6016580980829841,14,False,local_reject,False
BTT,reg6_n40,25,0.5949428374092695,-0.22731093477328926,13,False,local_reject,True
BTT,reg6_n40,26,0.1061624858312922,0.451883293768717,17,False,local_reject,False
BTT,reg6_n40,27,0.1424284364769434,-0.22983342753764086,10,False,local_reject,False
BTT,reg6_n40,28,-0.2620873940280447,-0.04871261916626624,18,False,local_reject,False
BTT,reg6_n40,29,0.47823058996896156,-0.2482978962027446,18,False,local_reject,False
BTT,reg6_n40,30,-0.7454294197782343,0.0010963108933181602,18,False,local_reject,False
BTT,reg6_n40,31,0.38431827696497717,0.7138491032692212,23,False,local_reject,False
BTT,reg6_n40,32,0.944650482019476,0.23656209116769455,18,False,local_reject,True
BTT,reg6_n40,33,0.5841353546820958,-0.025696867974494195,16,False,local_reject,False
BTT,reg6_n40,34,-0.17302104161254658,0.8086896073728678,17,False,local_reject,False
BTT,reg6_n40,35,-0.05441856416286634,-0.17267798244593613,12,False,local_reject,False
BTT,reg6_n40,36,0.2912577485943767,-0.3216304461678788,20,False,local_reject,False
BTT,reg6_n40,37,0.05819353945008423,-0.39734591835382116,18,False,local_reject,False
BTT,reg6_n40,38,0.8231549227705757,-0.5097815649294392,23,False,local_reject,False
BTT,reg6_n40,39,-0.3288752268498835,-0.6272004130919389,19,False,local_reject,False
FV,reg6_n40,0,0.8462536080353621,0.2708893267474619,0.025,True,source,True
FV,reg6_n40,1,0.552672071665017,0.2070679270601445,0.025,False,source,False
FV,reg6_n40,2,-0.6993465984752039,0.5039379769776542,0.025,False,source,False
FV,reg6_n40,3,-0.3164524216547267,0.8821041307117332,0.025,False,source,False
FV,reg6_n40,4,-0.43725602008483677,0.5082616247084757,0.024999999999999994,False,source,False
FV,reg6_n40,5,-1.0,0.07202052992116711,0.024999999999999998,False,source,False
FV,reg6_n40,6,-0.6230703171650643,-0.5038249367536182,0.024999999999999998,True,source,True
FV,reg6_n40,7,-0.18136142138814199,-0.709674302863401,0.025,True,source,True
FV,reg6_n40,8,-0.39904778038182004,-0.11164178083154164,0.025,False,source,False
FV,reg6_n40,9,-0.7820165199715986,-0.5292516316275035,0.025,False,source,False
FV,reg6_n40,10,-0.019165745815069177,0.05461266355705585,0.025,False,source,False
FV,reg6_n40,11,-0.45942516349231804,0.3298303399711893,0.025,False,source,False
FV,reg6_n40,12,-0.16642109160099144,-0.12905112148963316,0.025,False,source,False
FV,reg6_n40,13,0.3783744510689174,-0.6469781404621169,0.025,False,source,False
FV,reg6_n40,14,0.28504002994471334,-0.02594547189993595,0.025,False,source,False
FV,reg6_n40,15,0.4432797208301486,0.49104912317538163,0.024999999999999994,False,source,False
FV,reg6_n40,16,-0.09087075571686591,0.17027729298139532,0.025,False,source,False
FV,reg6_n40,17,-0.03941522241141172,-0.54796466137865,0.025,False,source,False
FV,reg6_n40,18,0.39844820481928767,0.1953997594296486,0.024999999999999994,False,source,False
FV,reg6_n40,19,-0.37391416556873924,0.13732862559274264,0.025,False,source,False
FV,reg6_n40,20,0.15756641625357232,0.6921844895991239,0.024999999999999994,False,source,False
FV,reg6_n40,21,-0.5407370172189249,-0.10730823396513686,0.024999999999999994,False,source,False
FV,reg6_n40,22,0.2525446369229919,0.21812890883167343,0.024999999999999994,False,source,False
FV,reg6_n40,23,-0.6338046261335961,-0.2233866757386979,0.024999999999999998,False,source,False
FV,reg6_n40,24,0.6044826998028281,-0.6016580980829841,0.025,False,source,False
FV,reg6_n40,25,0.5949428374092695,-0.22731093477328926,0.02500000000000001,False,source,False
FV,reg6_n40,26,0.1061624858312922,0.451883293768717,0.025000000000000005,False,source,False
FV,reg6_n40,27,0.1424284364769434,-0.22983342753764086,0.025,False,source,False
FV,reg6_n40,28,-0.2620873940280447,-0.04871261916626624,0.024999999999999994,False,source,False
FV,reg6_n40,29,0.47823058996896156,-0.2482978962027446,0.025,False,source,False
FV,reg6_n40,30,-0.7454294197782343,0.0010963108933181602,0.025,False,source,False
FV,reg6_n40,31,0.38431827696497717,0.7138491032692212,0.025000000000000005,False,source,False
FV,reg6_n40,32,0.944650482019476,0.23656209116769455,0.024999999999999994,False,source,False
FV,reg6_n40,33,0.5841353546820958,-0.025696867974494195,0.025000000000000005,False,source,False
FV,reg6_n40,34,-0.17302104161254658,0.8086896073728678,0.025000000000000015,False,source,False
FV,reg6_n40,35,-0.05441856416286634,-0.17267798244593613,0.025,False,source,False
FV,reg6_n40,36,0.2912577485943767,-0.3216304461678788,0.025,False,source,False
FV,reg6_n40,37,0.05819353945008423,-0.39734591835382116,0.025000000000000005,False,source,False
FV,reg6_n40,38,0.8231549227705757,-0.5097815649294392,0.02500000000000001,False,source,False
FV,reg6_n40,39,-0.3288752268498835,-0.6272004130919389,0.025,False,source,False
BTT,reg8_n40,0,0.741464949257046,-0.5195453560792401,28,False,local_reject,False
BTT,reg8_n40,1,0.6854699675227751,0.5631090752843179,25,False,local_reject,False
BTT,reg8_n40,2,-0.16142251521920936,0.05823878403075456,42,False,local_reject,True
BTT,reg8_n40,3,0.4908616602928406,-0.4088261588414199,30,False,local_reject,False
BTT,reg8_n40,4,-0.9999999999999999,-0.006568276058523254,38,False,local_reject,False
BTT,reg8_n40,5,-0.39841284118528913,0.7024528303837155,37,False,local_reject,False
BTT,reg8_n40,6,0.024606643888051085,0.23104850839571697,31,False,local_reject,False
BTT,reg8_n40,7,0.6207993393707426,0.02564310125477864,35,False,local_reject,False
BTT,reg8_n40,8,0.09093479141189888,0.026330587576545352,32,False,local_reject,True
BTT,reg8_n40,9,0.1498680324558689,0.811265419785293,24,False,local_reject,False
BTT,reg8_n40,10,0.8027316018178988,0.13144748377157825,32,False,local_reject,True
BTT,reg8_n40,11,0.45940520460252676,0.8014208331842133,34,False,local_reject,False
BTT,reg8_n40,12,-0.2095883758979175,-0.20729163781853413,27,False,local_reject,False
BTT,reg8_n40,13,-0.3310415028220996,0.34586076253600645,29,False,local_reject,False
BTT,reg8_n40,14,-0.8022243667192865,-0.6804088795780675,29,False,local_reject,False
BTT,reg8_n40,15,-0.03699731541992737,-0.5622694293717829,41,False,local_reject,True
BTT,reg8_n40,16,0.13103883565441712,0.45910225650599484,36,False,local_reject,False
BTT,reg8_n40,17,0.21038446472045494,-0.549675631451744,32,False,local_reject,False
BTT,reg8_n40,18,-0.14737578373848853,0.3612708634997841,27,False,local_reject,False
BTT,reg8_n40,19,-0.9200676925671748,-0.3268486272768132,35,False,local_reject,False
BTT,reg8_n40,20,-0.15253666938788588,0.6559216307860521,32,False,local_reject,False
BTT,reg8_n40,21,-0.7540870004354633,0.44600494853972883,35,False,local_reject,False
BTT,reg8_n40,22,-0.7071825311822076,-0.1667676307482197,32,False,local_reject,False
BTT,reg8_n40,23,0.37573428142756693,0.09190764113303254,41,False,local_reject,False
BTT,reg8_n40,24,0.17665549943213607,-0.19577695847055848,29,False,local_reject,False
BTT,reg8_n40,25,0.7260967420045764,-0.2006989154025035,25,False,local_reject,False
BTT,reg8_n40,26,0.7375567471414122,0.9166457865095172,27,False,local_reject,False
BTT,reg8_n40,27,0.2701984953913331,0.5076991397782966,26,False,local_reject,False
BTT,reg8_n40,28,0.04143198479841465,-0.3807579629263462,29,False,local_reject,True
BTT,reg8_n40,29,-0.2964342997476615,-0.7299299756640949,37,False,local_reject,False
BTT,reg8_n40,30,-0.4570929869173319,-0.5431550517705084,30,False,local_reject,False
BTT,reg8_n40,31,0.2721596598331584,-0.8598816738438441,29,False,local_reject,False
BTT,reg8_n40,32,0.5330219268164681,-0.17540720831658044,27,False,local_reject,False
BTT,reg8_n40,33,0.47696434968726303,0.32504773434949175,25,False,local_reject,False
BTT,reg8_n40,34,-0.5576897625818361,-0.8691622911008486,39,False,local_reject,False
BTT,reg8_n40,35,0.944543085016948,0.2416006051537653,31,False,local_reject,False
BTT,reg8_n40,36,-0.5717743608619511,-0.33319733423432824,39,False,local_reject,False
BTT,reg8_n40,37,-0.7691454506883354,0.633754875755903,35,False,local_reject,False
BTT,reg8_n40,38,-0.04898894642570834,-0.8660436413961562,34,False,local_reject,False
BTT,reg8_n40,39,-0.6398658607460047,0.2464397721356453,34,False,local_reject,False
FV,reg8_n40,0,0.741464949257046,-0.5195453560792401,0.025,False,source,False
FV,reg8_n40,1,0.6854699675227751,0.5631090752843179,0.025,False,source,False
FV,reg8_n40,2,-0.16142251521920936,0.05823878403075456,0.025,False,source,False
FV,reg8_n40,3,0.4908616602928406,-0.4088261588414199,0.025,False,source,False
FV,reg8_n40,4,-0.9999999999999999,-0.006568276058523254,0.025,True,source,True
FV,reg8_n40,5,-0.39841284118528913,0.7024528303837155,0.025,False,source,False
FV,reg8_n40,6,0.024606643888051085,0.23104850839571697,0.024999999999999998,False,source,False
FV,reg8_n40,7,0.6207993393707426,0.02564310125477864,0.025,False,source,False
FV,reg8_n40,8,0.09093479141189888,0.026330587576545352,0.025,False,source,False
FV,reg8_n40,9,0.1498680324558689,0.811265419785293,0.025,False,source,False
FV,reg8_n40,10,0.8027316018178988,0.13144748377157825,0.025,False,source,False
FV,reg8_n40,11,0.45940520460252676,0.8014208331842133,0.025,False,source,False
FV,reg8_n40,12,-0.2095883758979175,-0.20729163781853413,0.025,True,source,True
FV,reg8_n40,13,-0.3310415028220996,0.34586076253600645,0.025,False,source,False
FV,reg8_n40,14,-0.8022243667192865,-0.6804088795780675,0.025,False,source,False
FV,reg8_n40,15,-0.03699731541992737,-0.5622694293717829,0.025,False,source,False
FV,reg8_n40,16,0.13103883565441712,0.45910225650599484,0.025,False,source,False
FV,reg8_n40,17,0.21038446472045494,-0.549675631451744,0.025,False,source,False
FV,reg8_n40,18,-0.14737578373848853,0.3612708634997841,0.025,False,source,False
FV,reg8_n40,19,-0.9200676925671748,-0.3268486272768132,0.025,False,source,False
FV,reg8_n40,20,-0.15253666938788588,0.6559216307860521,0.025,False,source,False
FV,reg8_n40,21,-0.7540870004354633,0.44600494853972883,0.025,False,source,False
FV,reg8_n40,22,-0.7071825311822076,-0.1667676307482197,0.025,False,source,False
FV,reg8_n40,23,0.37573428142756693,0.09190764113303254,0.025,False,source,False
FV,reg8_n40,24,0.17665549943213607,-0.19577695847055848,0.025,False,source,False
FV,reg8_n40,25,0.7260967420045764,-0.2006989154025035,0.025,False,source,False
FV,reg8_n40,26,0.7375567471414122,0.9166457865095172,0.025,False,source,False
FV,reg8_n40,27,0.2701984953913331,0.5076991397782966,0.025,False,source,False
FV,reg8_n40,28,0.04143198479841465,-0.3807579629263462,0.025,False,source,False
FV,reg8_n40,29,-0.2964342997476615,-0.7299299756640949,0.025,False,source,False
FV,reg8_n40,30,-0.4570929869173319,-0.5431550517705084,0.025,False,source,False
FV,reg8_n40,31,0.2721596598331584,-0.8598816738438441,0.025,False,source,False
FV,reg8_n40,32,0.5330219268164681,-0.17540720831658044,0.025,False,source,False
FV,reg8_n40,33,0.47696434968726303,0.32504773434949175,0.025,False,source,False
FV,reg8_n40,34,-0.5576897625818361,-0.8691622911008486,0.025,False,source,False
FV,reg8_n40,35,0.944543085016948,0.2416006051537653,0.025,False,source,False
FV,reg8_n40,36,-0.5717743608619511,-0.33319733423432824,0.025,True,source,True
FV,reg8_n40,37,-0.7691454506883354,0.633754875755903,0.025,False,source,False
FV,reg8_n40,38,-0.04898894642570834,-0.8660436413961562,0.025,False,source,False
FV,reg8_n40,39,-0.6398658607460047,0.2464397721356453,0.025,False,source,False
BTT,er_dense_n40,0,0.8886492716860525,0.5478921888410234,8,False,local_reject,False
BTT,er_dense_n40,1,0.13269365349458864,-0.6906054805956816,17,False,local_reject,True
BTT,er_dense_n40,2,-0.002638206399471332,-0.6776800588869072,16,False,local_reject,True
BTT,er_dense_n40,3,-0.25766740687470785,0.0029300013286713282,31,False,local_reject,False
BTT,er_dense_n40,4,0.22941516968339637,-0.19317937007084365,10,False,local_reject,False
BTT,er_dense_n40,5,-0.8072648414674617,-0.5198500752789258,8,False,local_reject,False
BTT,er_dense_n40,6,0.11409614677251752,-0.12538817837263388,32,False,local_reject,False
BTT,er_dense_n40,7,-0.45433831786949613,-0.30124342848270486,36,False,local_reject,False
BTT,er_dense_n40,8,0.5073731431718029,0.43298121153227814,23,False,local_reject,False
BTT,er_dense_n40,9,0.40474507851425817,-0.4769165196641041,20,False,local_reject,False
BTT,er_dense_n40,10,0.4342261189920305,0.6315822861349936,21,False,local_reject,True
BTT,er_dense_n40,11,-0.7406240690768919,-0.12058622178468716,24,False,local_reject,False
BTT,er_dense_n40,12,-0.07594358722796529,-0.23037866105812682,35,False,local_reject,False
BTT,er_dense_n40,13,-0.02733070105338756,0.22895902971975052,35,False,local_reject,False
BTT,er_dense_n40,14,0.2811911937959728,0.26323013219000574,25,False,local_reject,False
BTT,er_dense_n40,15,-0.16245523710775914,-0.10745041995174497,35,False,local_reject,False
BTT,er_dense_n40,16,-0.2920190944556757,0.23258485441936538,35,False,local_reject,False
BTT,er_dense_n40,17,-0.006640908554125248,0.06369376770475509,49,False,local_reject,False
BTT,er_dense_n40,18,-0.6339359767730439,0.3243536386454155,17,False,local_reject,False
BTT,er_dense_n40,19,0.5599249960796151,-0.39058233581754315,20,False,local_reject,True
BTT,er_dense_n40,20,-0.5488495907625252,-0.01015653534640984,33,False,local_reject,False
BTT,er_dense_n40,21,-0.0061781189445721954,0.9999999999999999,10,False,local_reject,False
BTT,er_dense_n40,22,-0.401142899713157,-0.05765238018769124,29,False,local_reject,False
BTT,er_dense_n40,23,-0.30579325370841537,-0.28816206961200685,38,False,local_reject,False
BTT,er_dense_n40,24,-0.15717068493207456,-0.39452889352977083,22,False,local_reject,False
BTT,er_dense_n40,25,0.3487234187823167,0.11073324614899309,34,False,local_reject,False
BTT,er_dense_n40,26,0.3255352515887743,0.5416501173568425,36,False,local_reject,True
BTT,er_dense_n40,27,-0.06257247050001154,0.5404913520499413,18,False,local_reject,False
BTT,er_dense_n40,28,0.24559656576230274,-0.444552939279622,28,False,local_reject,False
BTT,er_dense_n40,29,-0.42186506940343127,-0.5744334031543457,31,False,local_reject,False
BTT,er_dense_n40,30,0.017338245991148957,-0.5319739872903219,22,False,local_reject,False
BTT,er_dense_n40,31,-0.035737241983789046,-0.03997213752559497,22,False,local_reject,False
BTT,er_dense_n40,32,0.12684274518005995,0.649478864116325,19,False,local_reject,False
BTT,er_dense_n40,33,-0.09211630344453267,0.15883005443222536,22,False,local_reject,False
BTT,er_dense_n40,34,0.1555923877213309,0.45818822109312113,32,False,local_reject,False
BTT,er_dense_n40,35,0.19871134305409013,-0.010224854492086176,51,False,local_reject,False
BTT,er_dense_n40,36,0.2875245364102383,-0.008179387460324195,50,False,local_reject,False
BTT,er_dense_n40,37,0.5173347934407414,0.13776819591284822,32,False,local_reject,False
BTT,er_dense_n40,38,-0.24465866108967202,-0.5163972014840399,44,False,local_reject,False
BTT,er_dense_n40,39,-0.03857141877907673,0.384747377699543,40,False,local_reject,False
FV,er_dense_n40,0,0.8886492716860525,0.5478921888410234,0.006711409395973153,False,source,False
FV,er_dense_n40,1,0.13269365349458864,-0.6906054805956816,0.01342281879194631,False,source,False
FV,er_dense_n40,2,-0.002638206399471332,-0.6776800588869072,0.016778523489932886,False,source,False
FV,er_dense_n40,3,-0.25766740687470785,0.0029300013286713282,0.03691275167785235,False,source,False
FV,er_dense_n40,4,0.22941516968339637,-0.19317937007084365,0.013422818791946308,False,source,False
FV,er_dense_n40,5,-0.8072648414674617,-0.5198500752789258,0.013422818791946308,False,source,False
FV,er_dense_n40,6,0.11409614677251752,-0.12538817837263388,0.026845637583892617,False,source,False
FV,er_dense_n40,7,-0.45433831786949613,-0.30124342848270486,0.03355704697986577,True,source,True
FV,er_dense_n40,8,0.5073731431718029,0.43298121153227814,0.020134228187919462,False,source,False
FV,er_dense_n40,9,0.40474507851425817,-0.4769165196641041,0.020134228187919465,False,source,False
FV,er_dense_n40,10,0.4342261189920305,0.6315822861349936,0.023489932885906034,False,source,False
FV,er_dense_n40,11,-0.7406240690768919,-0.12058622178468716,0.013422818791946308,False,source,False
FV,er_dense_n40,12,-0.07594358722796529,-0.23037866105812682,0.030201342281879193,False,source,False
FV,er_dense_n40,13,-0.02733070105338756,0.22895902971975052,0.02684563758389262,False,source,False
FV,er_dense_n40,14,0.2811911937959728,0.26323013219000574,0.026845637583892617,False,source,False
FV,er_dense_n40,15,-0.16245523710775914,-0.10745041995174497,0.03691275167785235,False,source,False
FV,er_dense_n40,16,-0.2920190944556757,0.23258485441936538,0.0302013422818792,False,source,False
FV,er_dense_n40,17,-0.006640908554125248,0.06369376770475509,0.04026845637583893,False,source,False
FV,er_dense_n40,18,-0.6339359767730439,0.3243536386454155,0.016778523489932886,False,source,False
FV,er_dense_n40,19,0.5599249960796151,-0.39058233581754315,0.016778523489932886,False,source,False
FV,er_dense_n40,20,-0.5488495907625252,-0.01015653534640984,0.02684563758389262,False,source,False
FV,er_dense_n40,21,-0.0061781189445721954,0.9999999999999999,0.006711409395973155,False,source,False
FV,er_dense_n40,22,-0.401142899713157,-0.05765238018769124,0.023489932885906048,False,source,False
FV,er_dense_n40,23,-0.30579325370841537,-0.28816206961200685,0.03691275167785235,True,source,True
FV,er_dense_n40,24,-0.15717068493207456,-0.39452889352977083,0.023489932885906048,False,source,False
FV,er_dense_n40,25,0.3487234187823167,0.11073324614899309,0.02348993288590604,False,source,False
FV,er_dense_n40,26,0.3255352515887743,0.5416501173568425,0.030201342281879193,False,source,False
FV,er_dense_n40,27,-0.06257247050001154,0.5404913520499413,0.016778523489932886,False,source,False
FV,er_dense_n40,28,0.24559656576230274,-0.444552939279622,0.026845637583892617,False,source,False
FV,er_dense_n40,29,-0.42186506940343127,-0.5744334031543457,0.02348993288590604,False,source,False
FV,er_dense_n40,30,0.017338245991148957,-0.5319739872903219,0.020134228187919465,False,source,False
FV,er_dense_n40,31,-0.035737241983789046,-0.03997213752559497,0.02684563758389262,False,source,False
FV,er_dense_n40,32,0.12684274518005995,0.649478864116325,0.020134228187919465,False,source,False
FV,er_dense_n40,33,-0.09211630344453267,0.15883005443222536,0.030201342281879193,False,source,False
FV,er_dense_n40,34,0.1555923877213309,0.45818822109312113,0.030201342281879193,False,source,False
FV,er_dense_n40,35,0.19871134305409013,-0.010224854492086176,0.03691275167785235,False,source,False
FV,er_dense_n40,36,0.2875245364102383,-0.008179387460324195,0.04026845637583893,False,source,False
FV,er_dense_n40,37,0.5173347934407414,0.13776819591284822,0.023489932885906034,False,source,False
FV,er_dense_n40,38,-0.24465866108967202,-0.5163972014840399,0.040268456375838924,True,source,True
FV,er_dense_n40,39,-0.03857141877907673,0.384747377699543,0.030201342281879172,False,source,False
BTT,barbell_20_1,0,-0.7445932872255985,-0.9314674766539103,153,False,local_reject,False
BTT,barbell_20_1,1,-0.5935934527735399,-0.98999938662836,150,False,local_reject,False
BTT,barbell_20_1,2,-0.4334053617584423,-0.9096715564747581,154,False,local_reject,False
BTT,barbell_20_1,3,-0.5135773592754364,-0.9767913686609928,128,False,local_reject,False
BTT,barbell_20_1,4,-0.6153102526089552,-0.8868665193571122,157,False,local_reject,False
BTT,barbell_20_1,5,-0.6250848554715639,-0.7318848127469074,152,False,local_reject,False
BTT,barbell_20_1,6,-0.46686084098545183,-0.7335409231019671,153,False,local_reject,False
BTT,barbell_20_1,7,-0.7520306448572097,-0.7349842841696282,139,False,local_reject,False
BTT,barbell_20_1,8,-0.5404784533429368,-0.7709225009544227,155,False,local_reject,False
BTT,barbell_20_1,9,-0.7015506435721565,-0.673405504534945,150,False,local_reject,False
BTT,barbell_20_1,10,-0.7741366001682529,-0.8171144699073645,154,False,local_reject,False
BTT,barbell_20_1,11,-0.5428000197393478,-0.6656265420456154,169,False,local_reject,False
BTT,barbell_20_1,12,-0.6770808328981225,-0.7868404418334111,139,False,local_reject,False
BTT,barbell_20_1,13,-0.5003331548662748,-0.9021215741833732,147,False,local_reject,False
BTT,barbell_20_1,14,-0.6235612439293385,-0.6463075713499691,156,False,local_reject,False
BTT,barbell_20_1,15,-0.6651603889392004,-0.962631771649457,163,False,local_reject,False
BTT,barbell_20_1,16,-0.7089910959401314,-0.8668404310742466,143,False,local_reject,False
BTT,barbell_20_1,17,-0.4334756065370498,-0.8207887424912131,130,False,local_reject,False
BTT,barbell_20_1,18,-0.5544535376612882,-0.8495794722971245,146,False,local_reject,False
BTT,barbell_20_1,19,-0.42543079397909794,-0.6524150873652051,164,False,local_reject,False
BTT,barbell_20_1,20,0.4864118377848835,0.6119529410822956,191,False,local_reject,False
BTT,barbell_20_1,21,0.5749385885925411,0.8028661898620655,206,False,local_reject,False
BTT,barbell_20_1,22,0.6785602075515306,0.7617501803789264,234,False,local_reject,False
BTT,barbell_20_1,23,0.41044488187427114,0.8323872673568484,224,False,local_reject,True
BTT,barbell_20_1,24,0.7648090782072264,0.7842646409038269,190,False,local_reject,False
BTT,barbell_20_1,25,0.4404107738929991,0.7275900965523713,217,False,local_reject,True
BTT,barbell_20_1,26,0.5267868829622663,0.7141084954571284,257,False,local_reject,False
BTT,barbell_20_1,27,0.6668098958781328,0.9727192242688716,202,False,local_reject,False
BTT,barbell_20_1,28,0.6082798508972704,0.9216461654853324,216,False,local_reject,False
BTT,barbell_20_1,29,0.4404196342178483,0.9135533489500011,194,False,local_reject,False
BTT,barbell_20_1,30,0.7288671836144508,0.7021998117242004,228,False,local_reject,True
BTT,barbell_20_1,31,0.5986761571899162,0.6937159834216503,232,False,local_reject,False
BTT,barbell_20_1,32,0.47779685567913655,0.7999054583767095,209,False,local_reject,False
BTT,barbell_20_1,33,0.5820454127372717,1.0,230,False,local_reject,True
BTT,barbell_20_1,34,0.5225613384163293,0.8878763600466885,201,False,local_reject,False
BTT,barbell_20_1,35,0.7181918594965657,0.9176508048092435,187,False,local_reject,False
BTT,barbell_20_1,36,0.5015635423050739,0.9722266826287909,225,False,local_reject,False
BTT,barbell_20_1,37,0.6564850359182577,0.6551631584224271,200,False,local_reject,False
BTT,barbell_20_1,38,0.6557195147046183,0.8388445432775612,200,False,local_reject,False
BTT,barbell_20_1,39,0.762080237221465,0.8612859573065075,228,False,local_reject,False
BTT,barbell_20_1,40,0.09004965738733481,-0.06190687283145948,22,False,local_reject,True
FV,barbell_20_1,0,-0.7445932872255985,-0.9314674766539103,0.02697703145481991,False,source,False
FV,barbell_20_1,1,-0.5935934527735399,-0.98999938662836,0.02697703145481991,False,source,False
FV,barbell_20_1,2,-0.4334053617584423,-0.9096715564747581,0.026977031454819903,False,source,False
FV,barbell_20_1,3,-0.5135773592754364,-0.9767913686609928,0.026977031454819903,False,source,False
FV,barbell_20_1,4,-0.6153102526089552,-0.8868665193571122,0.026977031454819903,False,source,False
FV,barbell_20_1,5,-0.6250848554715639,-0.7318848127469074,0.026977031454819903,True,source,True
FV,barbell_20_1,6,-0.46686084098545183,-0.7335409231019671,0.026977031454819903,False,source,False
FV,barbell_20_1,7,-0.7520306448572097,-0.7349842841696282,0.0269770314548199,True,source,True
FV,barbell_20_1,8,-0.5404784533429368,-0.7709225009544227,0.026977031454819896,False,source,False
FV,barbell_20_1,9,-0.7015506435721565,-0.673405504534945,0.026977031454819896,False,source,False
FV,barbell_20_1,10,-0.7741366001682529,-0.8171144699073645,0.026977031454819896,False,source,False
FV,barbell_20_1,11,-0.5428000197393478,-0.6656265420456154,0.02697703145481989,False,source,False
FV,barbell_20_1,12,-0.6770808328981225,-0.7868404418334111,0.026977031454819896,False,source,False
FV,barbell_20_1,13,-0.5003331548662748,-0.9021215741833732,0.026977031454819896,False,source,False
FV,barbell_20_1,14,-0.6235612439293385,-0.6463075713499691,0.026977031454819896,False,source,False
FV,barbell_20_1,15,-0.6651603889392004,-0.962631771649457,0.02697703145481989,False,source,False
FV,barbell_20_1,16,-0.7089910959401314,-0.8668404310742466,0.02697703145481989,False,source,False
FV,barbell_20_1,17,-0.4334756065370498,-0.8207887424912131,0.02697703145481989,False,source,False
FV,barbell_20_1,18,-0.5544535376612882,-0.8495794722971245,0.026977031454819896,False,source,False
FV,barbell_20_1,19,-0.42543079397909794,-0.6524150873652051,0.028291227628455935,False,source,False
FV,barbell_20_1,20,0.4864118377848835,0.6119529410822956,0.024064793313952688,False,source,False
FV,barbell_20_1,21,0.5749385885925411,0.8028661898620655,0.022761188440468046,False,source,False
FV,barbell_20_1,22,0.6785602075515306,0.7617501803789264,0.022761188440468046,False,source,False
FV,barbell_20_1,23,0.41044488187427114,0.8323872673568484,0.022761188440468046,False,source,False
FV,barbell_20_1,24,0.7648090782072264,0.7842646409038269,0.02276118844046804,False,source,False
FV,barbell_20_1,25,0.4404107738929991,0.7275900965523713,0.02276118844046804,False,source,False
FV,barbell_20_1,26,0.5267868829622663,0.7141084954571284,0.02276118844046804,False,source,False
FV,barbell_20_1,27,0.6668098958781328,0.9727192242688716,0.02276118844046804,False,source,False
FV,barbell_20_1,28,0.6082798508972704,0.9216461654853324,0.02276118844046804,False,source,False
FV,barbell_20_1,29,0.4404196342178483,0.9135533489500011,0.022761188440468032,False,source,False
FV,barbell_20_1,30,0.7288671836144508,0.7021998117242004,0.022761188440468032,False,source,False
FV,barbell_20_1,31,0.5986761571899162,0.6937159834216503,0.022761188440468032,False,source,False
FV,barbell_20_1,32,0.47779685567913655,0.7999054583767095,0.022761188440468032,False,source,False
FV,barbell_20_1,33,0.5820454127372717,1.0,0.022761188440468032,False,source,False
FV,barbell_20_1,34,0.5225613384163293,0.8878763600466885,0.022761188440468032,False,source,False
FV,barbell_20_1,35,0.7181918594965657,0.9176508048092435,0.022761188440468032,False,source,False
FV,barbell_20_1,36,0.5015635423050739,0.9722266826287909,0.022761188440468032,False,source,False
FV,barbell_20_1,37,0.6564850359182577,0.6551631584224271,0.022761188440468032,False,source,False
FV,barbell_20_1,38,0.6557195147046183,0.8388445432775612,0.022761188440468046,False,source,False
FV,barbell_20_1,39,0.762080237221465,0.8612859573065075,0.022761188440468247,False,source,False
FV,barbell_20_1,40,0.09004965738733481,-0.06190687283145948,0.002617801047120415,True,source,True
BTT,barbell_20_5,0,-0.4925606536825779,-0.24085293821868464,186,False,local_reject,False
BTT,barbell_20_5,1,-0.6614640270698788,-0.30566354498076365,164,False,local_reject,False
BTT,barbell_20_5,2,-0.5518181519782546,-0.21750474389000765,164,False,local_reject,False
BTT,barbell_20_5,3,-0.6885044812992497,-0.20376800778791843,170,False,local_reject,False
BTT,barbell_20_5,4,-0.5894449833609076,-0.3853985826909084,156,False,local_reject,False
BTT,barbell_20_5,5,-0.6186639146547122,-0.2159298056367368,183,False,local_reject,True
BTT,barbell_20_5,6,-0.5853456639924876,-0.30421995854776973,192,False,local_reject,False
BTT,barbell_20_5,7,-0.514502002992294,-0.3095298518560825,168,False,local_reject,False
BTT,barbell_20_5,8,-0.5960642271965034,-0.15519790152976076,159,False,local_reject,False
BTT,barbell_20_5,9,-0.6552372340194375,-0.2544130398299434,168,False,local_reject,False
BTT,barbell_20_5,10,-0.7091486014691522,-0.34153910369463636,198,False,local_reject,False
BTT,barbell_20_5,11,-0.541664520511117,-0.3538850333100695,177,False,local_reject,True
BTT,barbell_20_5,12,-0.5515987768333698,-0.26744086414170876,178,False,local_reject,False
BTT,barbell_20_5,13,-0.5432231464422659,-0.17231801455601664,180,False,local_reject,False
BTT,barbell_20_5,14,-0.737448037250492,-0.29554527434607375,210,False,local_reject,False
BTT,barbell_20_5,15,-0.6663044348250916,-0.3789728923393043,205,False,local_reject,False
BTT,barbell_20_5,16,-0.7273584937570432,-0.24387915216883435,210,False,local_reject,False
BTT,barbell_20_5,17,-0.6471470954080124,-0.15881413479851794,200,False,local_reject,False
BTT,barbell_20_5,18,-0.6217528776398293,-0.34934194649428446,173,False,local_reject,False
BTT,barbell_20_5,19,-0.722252613568268,-0.14144099006314292,200,False,local_reject,False
BTT,barbell_20_5,20,-0.9720906972397115,0.3003134210664667,17,False,local_reject,False
BTT,barbell_20_5,21,-1.0,0.6779021720860442,19,False,local_reject,False
BTT,barbell_20_5,22,-0.7152109091863402,0.8825841627578616,21,False,local_reject,True
BTT,barbell_20_5,23,-0.2871841826976086,0.8335379816583883,21,False,local_reject,False
BTT,barbell_20_5,24,0.17196897700125052,0.5944881250439792,12,False,local_reject,False
BTT,barbell_20_5,25,0.6294867776831587,0.2083996904190584,193,False,local_reject,False
BTT,barbell_20_5,26,0.6855252957335868,0.15843113182009136,174,False,local_reject,False
BTT,barbell_20_5,27,0.6540546870747166,0.1088527245978322,186,False,local_reject,False
BTT,barbell_20_5,28,0.8697100155618779,0.03979744843379561,176,False,local_reject,False
BTT,barbell_20_5,29,0.8440476357259852,0.18701156261588076,201,False,local_reject,False
BTT,barbell_20_5,30,0.6907265487918758,0.06467696449353716,186,False,local_reject,False
BTT,barbell_20_5,31,0.7280888345877335,0.12054616410037662,196,False,local_reject,False
BTT,barbell_20_5,32,0.8262656843785401,0.0015514670899635953,176,False,local_reject,False
BTT,barbell_20_5,33,0.7618300516120772,0.015603170472492002,170,False,local_reject,False
BTT,barbell_20_5,34,0.8612355868587842,0.1422258941241817,179,False,local_reject,False
BTT,barbell_20_5,35,0.7271177024077515,0.20840839679419965,194,False,local_reject,False
BTT,barbell_20_5,36,0.7030675472361305,-0.0018250995728363733,170,False,local_reject,False
BTT,barbell_20_5,37,0.7601804279624385,0.0661844242145924,219,False,local_reject,False
BTT,barbell_20_5,38,0.7960551026994596,0.21455838259192636,193,False,local_reject,True
BTT,barbell_20_5,39,0.8783316667858739,0.09652389913122109,171,False,local_reject,False
BTT,barbell_20_5,40,0.7644804432979361,0.1728212340728491,191,False,local_reject,False
BTT,barbell_20_5,41,0.7967011164729515,0.12453607142524321,170,False,local_reject,False
BTT,barbell_20_5,42,0.8255910101045365,0.06844800747619996,212,False,local_reject,True
BTT,barbell_20_5,43,0.6576724267882796,0.038259586006462856,190,False,local_reject,False
BTT,barbell_20_5,44,0.7638521883096616,-0.02818120203863829,167,False,local_reject,False
FV,barbell_20_5,0,-0.4925606536825779,-0.24085293821868464,0.02059761425308109,False,source,False
FV,barbell_20_5,1,-0.6614640270698788,-0.30566354498076365,0.020597614253081094,False,source,False
FV,barbell_20_5,2,-0.5518181519782546,-0.21750474389000765,0.02059761425308109,False,source,False
FV,barbell_20_5,3,-0.6885044812992497,-0.20376800778791843,0.02059761425308109,False,source,False
FV,barbell_20_5,4,-0.5894449833609076,-0.3853985826909084,0.02059761425308109,False,source,False
FV,barbell_20_5,5,-0.6186639146547122,-0.2159298056367368,0.02059761425308109,False,source,False
FV,barbell_20_5,6,-0.5853456639924876,-0.30421995854776973,0.02059761425308109,False,source,False
FV,barbell_20_5,7,-0.514502002992294,-0.3095298518560825,0.020597614253081084,False,source,False
FV,barbell_20_5,8,-0.5960642271965034,-0.15519790152976076,0.020597614253081084,False,source,False
FV,barbell_20_5,9,-0.6552372340194375,-0.2544130398299434,0.02059761425308108,False,source,False
FV,barbell_20_5,10,-0.7091486014691522,-0.34153910369463636,0.02059761425308108,False,source,False
FV,barbell_20_5,11,-0.541664520511117,-0.3538850333100695,0.02059761425308108,True,source,True
FV,barbell_20_5,12,-0.5515987768333698,-0.26744086414170876,0.02059761425308108,False,source,False
FV,barbell_20_5,13,-0.5432231464422659,-0.17231801455601664,0.02059761425308108,False,source,False
FV,barbell_20_5,14,-0.737448037250492,-0.29554527434607375,0.02059761425308108,False,source,False
FV,barbell_20_5,15,-0.6663044348250916,-0.3789728923393043,0.020597614253081077,False,source,False
FV,barbell_20_5,16,-0.7273584937570432,-0.24387915216883435,0.020597614253081077,False,source,False
FV,barbell_20_5,17,-0.6471470954080124,-0.15881413479851794,0.020597614253081077,False,source,False
FV,barbell_20_5,18,-0.6217528776398293,-0.34934194649428446,0.02059761425308108,False,source,False
FV,barbell_20_5,19,-0.722252613568268,-0.14144099006314292,0.02175064651606879,False,source,False
FV,barbell_20_5,20,-0.9720906972397115,0.3003134210664667,0.002313203701629409,False,source,False
FV,barbell_20_5,21,-1.0,0.6779021720860442,0.0024518193790902987,False,source,False
FV,barbell_20_5,22,-0.7152109091863402,0.8825841627578616,0.002590673575129537,False,source,False
FV,barbell_20_5,23,-0.2871841826976086,0.8335379816583883,0.0027295277711687745,False,source,False
FV,barbell_20_5,24,0.17196897700125052,0.5944881250439792,0.002868143448629664,False,source,False
FV,barbell_20_5,25,0.6294867776831587,0.2083996904190584,0.030062824986522074,False,source,False
FV,barbell_20_5,26,0.6855252957335868,0.15843113182009136,0.028625183674380043,False,source,False
FV,barbell_20_5,27,0.6540546870747166,0.1088527245978322,0.02862518367438004,False,source,False
FV,barbell_20_5,28,0.8697100155618779,0.03979744843379561,0.028625183674380036,False,source,False
FV,barbell_20_5,29,0.8440476357259852,0.18701156261588076,0.028625183674380036,False,source,False
FV,barbell_20_5,30,0.6907265487918758,0.06467696449353716,0.028625183674380036,False,source,False
FV,barbell_20_5,31,0.7280888345877335,0.12054616410037662,0.028625183674380036,False,source,False
FV,barbell_20_5,32,0.8262656843785401,0.0015514670899635953,0.02862518367438003,False,source,False
FV,barbell_20_5,33,0.7618300516120772,0.015603170472492002,0.02862518367438003,False,source,False
FV,barbell_20_5,34,0.8612355868587842,0.1422258941241817,0.028625183674380026,False,source,False
FV,barbell_20_5,35,0.7271177024077515,0.20840839679419965,0.028625183674380026,True,source,True
FV,barbell_20_5,36,0.7030675472361305,-0.0018250995728363733,0.028625183674380026,False,source,False
FV,barbell_20_5,37,0.7601804279624385,0.0661844242145924,0.028625183674380026,False,source,False
FV,barbell_20_5,38,0.7960551026994596,0.21455838259192636,0.028625183674380026,False,source,False
FV,barbell_20_5,39,0.8783316667858739,0.09652389913122109,0.028625183674380026,False,source,False
FV,barbell_20_5,40,0.7644804432979361,0.1728212340728491,0.028625183674380023,False,source,False
FV,barbell_20_5,41,0.7967011164729515,0.12453607142524321,0.028625183674380023,False,source,False
FV,barbell_20_5,42,0.8255910101045365,0.06844800747619996,0.028625183674380023,False,source,False
FV,barbell_20_5,43,0.6576724267882796,0.038259586006462856,0.02862518367438004,False,source,False
FV,barbell_20_5,44,0.7638521883096616,-0.02818120203863829,0.028625183674380286,True,source,True
BTT,two_cliques_bridge_n20,0,-0.4928925034417697,-0.5238974859496505,195,False,local_reject,False
BTT,two_cliques_bridge_n20,1,-0.7661431107365928,-1.0,182,False,local_reject,False
BTT,two_cliques_bridge_n20,2,-0.5369510358866536,-0.8009857428737172,179,False,local_reject,False
BTT,two_cliques_bridge_n20,3,-0.794377762852038,-0.7916144940327717,187,False,local_reject,False
BTT,two_cliques_bridge_n20,4,-0.7895670344184884,-0.9161693147052751,179,False,local_reject,False
BTT,two_cliques_bridge_n20,5,-0.824841302855779,-0.6877223431779689,159,False,local_reject,False
BTT,two_cliques_bridge_n20,6,-0.8700562024993179,-0.9371944975014976,173,False,local_reject,True
BTT,two_cliques_bridge_n20,7,-0.6306131755639097,-0.8974729710552604,188,False,local_reject,False
BTT,two_cliques_bridge_n20,8,-0.5542694619089441,-0.9088192275752268,165,False,local_reject,False
BTT,two_cliques_bridge_n20,9,-0.6732242046421905,-0.6109947695553085,167,False,local_reject,False
BTT,two_cliques_bridge_n20,10,-0.7056619792591619,-0.8425690682059237,171,False,local_reject,True
BTT,two_cliques_bridge_n20,11,-0.895460129077141,-0.7946470248824814,171,False,local_reject,False
BTT,two_cliques_bridge_n20,12,-0.8877329480132787,-0.6298138759898825,175,False,local_reject,False
BTT,two_cliques_bridge_n20,13,-0.7807001976119281,-0.5878058406985174,169,False,local_reject,False
BTT,two_cliques_bridge_n20,14,-0.5827191480828035,-0.6921291169386884,170,False,local_reject,False
BTT,two_cliques_bridge_n20,15,-0.9433973192738606,-0.723058178594439,191,False,local_reject,False
BTT,two_cliques_bridge_n20,16,-0.9356905997217619,-0.8687339643834956,187,False,local_reject,False
BTT,two_cliques_bridge_n20,17,-0.6664975374146315,-0.9845403165096874,175,False,local_reject,False
BTT,two_cliques_bridge_n20,18,-0.6315470141258612,-0.76726645375088,199,False,local_reject,False
BTT,two_cliques_bridge_n20,19,-0.7180069948020968,-0.6911477798839417,185,False,local_reject,False
BTT,two_cliques_bridge_n20,20,0.49432621557069434,0.5280253250957866,211,False,local_reject,True
BTT,two_cliques_bridge_n20,21,0.835585515162041,0.7277208023902382,191,False,local_reject,False
BTT,two_cliques_bridge_n20,22,0.5414080477485927,0.7501141400986071,179,False,local_reject,False
BTT,two_cliques_bridge_n20,23,0.7173465803390242,0.8851303537641128,187,False,local_reject,False
BTT,two_cliques_bridge_n20,24,0.9141851868642109,0.889447743134201,197,False,local_reject,False
BTT,two_cliques_bridge_n20,25,0.7466891819524929,0.6668788936032692,172,False,local_reject,False
BTT,two_cliques_bridge_n20,26,0.9380968889814776,0.8017490360744217,175,False,local_reject,False
BTT,two_cliques_bridge_n20,27,0.5390377205510468,0.8638216251327286,184,False,local_reject,False
BTT,two_cliques_bridge_n20,28,0.6040988199776973,0.9434402503304469,196,False,local_reject,False
BTT,two_cliques_bridge_n20,29,0.6829695951689382,0.9871299490858004,183,False,local_reject,True
BTT,two_cliques_bridge_n20,30,0.8756097343297573,0.6296914379142721,189,False,local_reject,False
BTT,two_cliques_bridge_n20,31,0.6221557450254028,0.8277513197428654,163,False,local_reject,False
BTT,two_cliques_bridge_n20,32,0.6214048097466413,0.7019405463681734,197,False,local_reject,False
BTT,two_cliques_bridge_n20,33,0.8240476046808876,0.8389632049291715,191,False,local_reject,True
BTT,two_cliques_bridge_n20,34,0.6641586381402103,0.6124667886415704,180,False,local_reject,False
BTT,two_cliques_bridge_n20,35,0.8492093058725094,0.95036728333194,197,False,local_reject,False
BTT,two_cliques_bridge_n20,36,0.7726755649140838,0.9865110752129749,169,False,local_reject,False
BTT,two_cliques_bridge_n20,37,0.7188587128223521,0.7725154788896897,179,False,local_reject,False
BTT,two_cliques_bridge_n20,38,0.9348757193846681,0.7097662057032905,190,False,local_reject,False
BTT,two_cliques_bridge_n20,39,0.7836100749554806,0.5831510068210515,158,False,local_reject,False
FV,two_cliques_bridge_n20,0,-0.4928925034417697,-0.5238974859496505,0.026389162807010653,True,source,True
FV,two_cliques_bridge_n20,1,-0.7661431107365928,-1.0,0.025083266140277408,False,source,False
FV,two_cliques_bridge_n20,2,-0.5369510358866536,-0.8009857428737172,0.025083266140277408,False,source,False
FV,two_cliques_bridge_n20,3,-0.794377762852038,-0.7916144940327717,0.025083266140277408,False,source,False
FV,two_cliques_bridge_n20,4,-0.7895670344184884,-0.9161693147052751,0.025083266140277404,False,source,False
FV,two_cliques_bridge_n20,5,-0.824841302855779,-0.6877223431779689,0.025083266140277404,False,source,False
FV,two_cliques_bridge_n20,6,-0.8700562024993179,-0.9371944975014976,0.025083266140277404,False,source,False
FV,two_cliques_bridge_n20,7,-0.6306131755639097,-0.8974729710552604,0.025083266140277394,False,source,False
FV,two_cliques_bridge_n20,8,-0.5542694619089441,-0.9088192275752268,0.025083266140277394,True,source,True
FV,two_cliques_bridge_n20,9,-0.6732242046421905,-0.6109947695553085,0.025083266140277394,False,source,False
FV,two_cliques_bridge_n20,10,-0.7056619792591619,-0.8425690682059237,0.025083266140277394,False,source,False
FV,two_cliques_bridge_n20,11,-0.895460129077141,-0.7946470248824814,0.025083266140277394,False,source,False
FV,two_cliques_bridge_n20,12,-0.8877329480132787,-0.6298138759898825,0.025083266140277394,False,source,False
FV,two_cliques_bridge_n20,13,-0.7807001976119281,-0.5878058406985174,0.025083266140277394,False,source,False
FV,two_cliques_bridge_n20,14,-0.5827191480828035,-0.6921291169386884,0.025083266140277394,False,source,False
FV,two_cliques_bridge_n20,15,-0.9433973192738606,-0.723058178594439,0.025083266140277394,False,source,False
FV,two_cliques_bridge_n20,16,-0.9356905997217619,-0.8687339643834956,0.025083266140277394,False,source,False
FV,two_cliques_bridge_n20,17,-0.6664975374146315,-0.9845403165096874,0.025083266140277394,False,source,False
FV,two_cliques_bridge_n20,18,-0.6315470141258612,-0.76726645375088,0.025083266140277408,False,source,False
FV,two_cliques_bridge_n20,19,-0.7180069948020968,-0.6911477798839417,0.02508326614027763,False,source,False
FV,two_cliques_bridge_n20,20,0.49432621557069434,0.5280253250957866,0.026104275513199306,False,source,False
FV,two_cliques_bridge_n20,21,0.835585515162041,0.7277208023902382,0.024785500263922067,False,source,False
FV,two_cliques_bridge_n20,22,0.5414080477485927,0.7501141400986071,0.024785500263922067,False,source,False
FV,two_cliques_bridge_n20,23,0.7173465803390242,0.8851303537641128,0.024785500263922067,False,source,False
FV,two_cliques_bridge_n20,24,0.9141851868642109,0.889447743134201,0.024785500263922056,False,source,False
FV,two_cliques_bridge_n20,25,0.7466891819524929,0.6668788936032692,0.024785500263922056,False,source,False
FV,two_cliques_bridge_n20,26,0.9380968889814776,0.8017490360744217,0.024785500263922056,False,source,False
FV,two_cliques_bridge_n20,27,0.5390377205510468,0.8638216251327286,0.024785500263922053,False,source,False
FV,two_cliques_bridge_n20,28,0.6040988199776973,0.9434402503304469,0.024785500263922053,False,source,False
FV,two_cliques_bridge_n20,29,0.6829695951689382,0.9871299490858004,0.024785500263922053,False,source,False
FV,two_cliques_bridge_n20,30,0.8756097343297573,0.6296914379142721,0.024785500263922046,True,source,True
FV,two_cliques_bridge_n20,31,0.6221557450254028,0.8277513197428654,0.024785500263922046,False,source,False
FV,two_cliques_bridge_n20,32,0.6214048097466413,0.7019405463681734,0.024785500263922046,False,source,False
FV,two_cliques_bridge_n20,33,0.8240476046808876,0.8389632049291715,0.024785500263922053,False,source,False
FV,two_cliques_bridge_n20,34,0.6641586381402103,0.6124667886415704,0.024785500263922046,False,source,False
FV,two_cliques_bridge_n20,35,0.8492093058725094,0.95036728333194,0.024785500263922046,False,source,False
FV,two_cliques_bridge_n20,36,0.7726755649140838,0.9865110752129749,0.024785500263922046,False,source,False
FV,two_cliques_bridge_n20,37,0.7188587128223521,0.7725154788896897,0.024785500263922046,False,source,False
FV,two_cliques_bridge_n20,38,0.9348757193846681,0.7097662057032905,0.02478550026392206,False,source,False
FV,two_cliques_bridge_n20,39,0.7836100749554806,0.5831510068210515,0.024785500263922275,False,source,False
BTT,path_n40,0,0.09237547020710682,1.0,1,False,local_reject,True
BTT,path_n40,1,0.09325947993331098,0.890803314650867,2,False,local_reject,False
BTT,path_n40,2,0.1180013171085986,0.7571062956523235,3,False,local_reject,False
BTT,path_n40,3,0.1395793565658663,0.5956073316446822,4,False,local_reject,False
BTT,path_n40,4,0.16128198775516756,0.409829431859808,4,False,local_reject,False
BTT,path_n40,5,0.17117365715341545,0.19626272527213645,3,False,local_reject,True
BTT,path_n40,6,0.19043047438085534,-0.012850601529130763,2,False,local_reject,False
BTT,path_n40,7,0.1998261593834177,-0.2061889521833159,1,False,local_reject,False
BTT,path_n40,8,0.1961136892628716,-0.38528744258928205,2,False,local_reject,False
BTT,path_n40,9,0.1706199725011784,-0.5484905180986097,3,False,local_reject,False
BTT,path_n40,10,0.11652284564678904,-0.6900757383197027,1,False,local_reject,False
BTT,path_n40,11,0.03134784698099599,-0.7996017457366246,1,False,local_reject,True
BTT,path_n40,12,-0.08240320148534586,-0.8560389012243717,8,True,local_reject,False
BTT,path_n40,13,-0.1899746936369113,-0.880132046722445,3,False,local_reject,False
BTT,path_n40,14,-0.2661617038009409,-0.7993382038249962,1,False,local_reject,False
BTT,path_n40,15,-0.28372030920435376,-0.6690510156894998,2,False,local_reject,False
BTT,path_n40,16,-0.27351585248536214,-0.5249269340259571,2,False,local_reject,False
BTT,path_n40,17,-0.34836158260141686,-0.4202556207158726,1,False,local_reject,False
BTT,path_n40,18,-0.4388329796539338,-0.3256148336566522,1,False,local_reject,False
BTT,path_n40,19,-0.48621884216754474,-0.20661821097485544,5,False,local_reject,False
BTT,path_n40,20,-0.47236560750995465,-0.0782639220565974,1,False,local_reject,False
BTT,path_n40,21,-0.3939490191611592,0.039401610537624615,0,False,local_reject,True
BTT,path_n40,22,-0.27290540824254617,0.13800867793869898,1,False,local_reject,False
BTT,path_n40,23,-0.12885109951958673,0.21504165329833966,1,False,local_reject,False
BTT,path_n40,24,0.02047784403188014,0.2549630115473752,2,False,local_reject,False
BTT,path_n40,25,0.14882421852652394,0.24990503864351413,2,False,local_reject,False
BTT,path_n40,26,0.14417511276046321,0.14482261361171944,0,False,local_reject,False
BTT,path_n40,27,0.027378786744056558,0.10755178467710225,2,False,local_reject,False
BTT,path_n40,28,-0.10020958456182712,0.11819548237621494,0,False,local_reject,False
BTT,path_n40,29,-0.213064473821207,0.17486615303123912,0,False,local_reject,False
BTT,path_n40,30,-0.3076683401979036,0.27410164772963036,2,False,local_reject,False
BTT,path_n40,31,-0.32079151324852695,0.3797319371762426,3,False,local_reject,False
BTT,path_n40,32,-0.21130014182070697,0.4308627904381191,0,False,local_reject,False
BTT,path_n40,33,-0.06061396329151395,0.408994048988173,3,False,local_reject,False
BTT,path_n40,34,0.11100046949734536,0.3451484876697093,1,False,local_reject,True
BTT,path_n40,35,0.29216910006524893,0.2580412440356256,1,False,local_reject,False
BTT,path_n40,36,0.4415972993772159,0.15090092538132724,3,False,local_reject,False
BTT,path_n40,37,0.5658081671909095,0.04259371857342,1,False,local_reject,False
BTT,path_n40,38,0.6687165708744275,-0.05444524591164956,2,False,local_reject,False
BTT,path_n40,39,0.7502284904630977,-0.12555999147432703,0,False,local_reject,False
FV,path_n40,0,0.09237547020710682,1.0,0.012603202962124528,False,source,False
FV,path_n40,1,0.09325947993331098,0.890803314650867,0.0252078106090313,False,source,False
FV,path_n40,2,0.1180013171085986,0.7571062956523235,0.025212015673969856,True,source,True
FV,path_n40,3,0.1395793565658663,0.5956073316446822,0.02521899420601878,False,source,False
FV,path_n40,4,0.16128198775516756,0.409829431859808,0.025228701533752975,False,source,False
FV,path_n40,5,0.17117365715341545,0.19626272527213645,0.02524107550187555,False,source,False
FV,path_n40,6,0.19043047438085534,-0.012850601529130763,0.025256036853587432,False,source,False
FV,path_n40,7,0.1998261593834177,-0.2061889521833159,0.02527348971887633,False,source,False
FV,path_n40,8,0.1961136892628716,-0.38528744258928205,0.025293322206224496,False,source,False
FV,path_n40,9,0.1706199725011784,-0.5484905180986097,0.025315407094676064,False,source,False
FV,path_n40,10,0.11652284564678904,-0.6900757383197027,0.02533960262264561,False,source,False
FV,path_n40,11,0.03134784698099599,-0.7996017457366246,0.02536575336929162,False,source,False
FV,path_n40,12,-0.08240320148534586,-0.8560389012243717,0.025393691223723043,False,source,False
FV,path_n40,13,-0.1899746936369113,-0.880132046722445,0.02542323643675716,False,source,False
FV,path_n40,14,-0.2661617038009409,-0.7993382038249962,0.025454198749404914,False,source,False
FV,path_n40,15,-0.28372030920435376,-0.6690510156894998,0.025486378591730016,False,source,False
FV,path_n40,16,-0.27351585248536214,-0.5249269340259571,0.0255195683452144,False,source,False
FV,path_n40,17,-0.34836158260141686,-0.4202556207158726,0.02555355366126983,False,source,False
FV,path_n40,18,-0.4388329796539338,-0.3256148336566522,0.025588114828069115,False,source,False
FV,path_n40,19,-0.48621884216754474,-0.20661821097485544,0.02562302817743605,False,source,False
FV,path_n40,20,-0.47236560750995465,-0.0782639220565974,0.02565806752313666,False,source,False
FV,path_n40,21,-0.3939490191611592,0.039401610537624615,0.02569300562156195,False,source,False
FV,path_n40,22,-0.27290540824254617,0.13800867793869898,0.02572761564549033,False,source,False
FV,path_n40,23,-0.12885109951958673,0.21504165329833966,0.02576167266137161,False,source,False
FV,path_n40,24,0.02047784403188014,0.2549630115473752,0.025794955100390773,True,source,True
FV,path_n40,25,0.14882421852652394,0.24990503864351413,0.025827246213452927,False,source,False
FV,path_n40,26,0.14417511276046321,0.14482261361171944,0.025858335500186354,False,source,False
FV,path_n40,27,0.027378786744056558,0.10755178467710225,0.02588802010209265,False,source,False
FV,path_n40,28,-0.10020958456182712,0.11819548237621494,0.025916106150084186,False,source,False
FV,path_n40,29,-0.213064473821207,0.17486615303123912,0.025942410056842866,False,source,False
FV,path_n40,30,-0.3076683401979036,0.27410164772963036,0.025966759744711194,False,source,False
FV,path_n40,31,-0.32079151324852695,0.3797319371762426,0.025988995800187233,False,source,False
FV,path_n40,32,-0.21130014182070697,0.4308627904381191,0.02600897254653904,False,source,False
FV,path_n40,33,-0.06061396329151395,0.408994048988173,0.02602655902657833,False,source,False
FV,path_n40,34,0.11100046949734536,0.3451484876697093,0.026041639888235504,False,source,False
FV,path_n40,35,0.29216910006524893,0.2580412440356256,0.026054116166253458,False,source,False
FV,path_n40,36,0.4415972993772159,0.15090092538132724,0.026063905954060575,False,source,False
FV,path_n40,37,0.5658081671909095,0.04259371857342,0.026070944960687396,False,source,False
FV,path_n40,38,0.6687165708744275,-0.05444524591164956,0.026075186948449014,True,source,True
FV,path_n40,39,0.7502284904630977,-0.12555999147432703,0.013038302024008876,False,source,False
BTT,lollipop_20_20,0,-0.2736573633215312,0.34047956667687324,84,False,local_reject,False
BTT,lollipop_20_20,1,-0.34035480352615666,0.36279398521148504,94,False,local_reject,False
BTT,lollipop_20_20,2,-0.4101347998341439,0.2852868823278858,86,False,local_reject,False
BTT,lollipop_20_20,3,-0.40554856388838706,0.3225530427369397,100,False,local_reject,False
BTT,lollipop_20_20,4,-0.3529894060662544,0.2857778194845955,116,False,local_reject,False
BTT,lollipop_20_20,5,-0.3081208700711496,0.2692599369008732,96,False,local_reject,False
BTT,lollipop_20_20,6,-0.2727120076742492,0.2374466801095391,83,False,local_reject,False
BTT,lollipop_20_20,7,-0.33817070450485703,0.24604107866936542,100,False,local_reject,False
BTT,lollipop_20_20,8,-0.32942129984170015,0.20755904200978104,105,False,local_reject,False
BTT,lollipop_20_20,9,-0.28073233868303626,0.29532125677969695,102,False,local_reject,False
BTT,lollipop_20_20,10,-0.2906283772384356,0.20880375915919483,86,False,local_reject,True
BTT,lollipop_20_20,11,-0.30419789029791017,0.3625016270657449,98,False,local_reject,False
BTT,lollipop_20_20,12,-0.3765588397212667,0.3561420529878665,113,False,local_reject,True
BTT,lollipop_20_20,13,-0.3181305717720734,0.3228250328620067,107,False,local_reject,False
BTT,lollipop_20_20,14,-0.36388773619047016,0.21867201336587316,88,False,local_reject,False
BTT,lollipop_20_20,15,-0.24811509653535407,0.3072797867188603,85,False,local_reject,True
BTT,lollipop_20_20,16,-0.251743991022563,0.2651757527464419,102,False,local_reject,False
BTT,lollipop_20_20,17,-0.3695974517442529,0.32071496525801496,112,False,local_reject,False
BTT,lollipop_20_20,18,-0.39188941228109075,0.2556892187299039,111,False,local_reject,True
BTT,lollipop_20_20,19,-0.40747049770738836,0.20104566869808005,106,False,local_reject,False
BTT,lollipop_20_20,20,-0.6149049636144159,-0.09751330258206144,11,False,local_reject,False
BTT,lollipop_20_20,21,-0.7062565042224282,-0.37277599117011634,11,False,local_reject,False
BTT,lollipop_20_20,22,-0.6417565458748253,-0.6109364977696964,7,False,local_reject,False
BTT,lollipop_20_20,23,-0.439664104835037,-0.726955601202976,9,False,local_reject,False
BTT,lollipop_20_20,24,-0.18563353048021053,-0.7300531562019751,7,False,local_reject,False
BTT,lollipop_20_20,25,0.0661137685472042,-0.621835594228762,12,False,local_reject,False
BTT,lollipop_20_20,26,0.27920125481436586,-0.4819282565659814,15,False,local_reject,False
BTT,lollipop_20_20,27,0.2901594571340642,-0.4001350438857946,20,False,local_reject,True
BTT,lollipop_20_20,28,0.19861125028194238,-0.4160369633594189,18,True,local_reject,False
BTT,lollipop_20_20,29,0.2820258988047152,-0.2584771627686513,11,False,local_reject,False
BTT,lollipop_20_20,30,0.4786638495178829,-0.08809161543916516,11,False,local_reject,False
BTT,lollipop_20_20,31,0.6309092957277754,0.11256124079705672,23,True,local_reject,False
BTT,lollipop_20_20,32,0.7222092246756022,0.3131672717848049,12,False,local_reject,False
BTT,lollipop_20_20,33,0.7865007158591009,0.4593803104190471,12,False,local_reject,False
BTT,lollipop_20_20,34,0.8916853176585574,0.3136361345706215,11,False,local_reject,False
BTT,lollipop_20_20,35,0.8992185212162274,0.07877245683450335,13,False,local_reject,False
BTT,lollipop_20_20,36,0.8520239304725519,-0.1763654497770481,10,False,local_reject,False
BTT,lollipop_20_20,37,0.9032181905736666,-0.43900506663740263,7,False,local_reject,False
BTT,lollipop_20_20,38,0.9417369956655353,-0.6750439423199576,8,False,local_reject,False
BTT,lollipop_20_20,39,1.0,-0.8537329389960466,3,False,local_reject,False
FV,lollipop_20_20,0,-0.2736573633215312,0.34047956667687324,0.042910453318781634,False,source,False
FV,lollipop_20_20,1,-0.34035480352615666,0.36279398521148504,0.04291045331878164,False,source,False
FV,lollipop_20_20,2,-0.4101347998341439,0.2852868823278858,0.042910453318781634,False,source,False
FV,lollipop_20_20,3,-0.40554856388838706,0.3225530427369397,0.042910453318781634,False,source,False
FV,lollipop_20_20,4,-0.3529894060662544,0.2857778194845955,0.04291045331878163,False,source,False
FV,lollipop_20_20,5,-0.3081208700711496,0.2692599369008732,0.04291045331878163,False,source,False
FV,lollipop_20_20,6,-0.2727120076742492,0.2374466801095391,0.04291045331878163,False,source,False
FV,lollipop_20_20,7,-0.33817070450485703,0.24604107866936542,0.04291045331878162,False,source,False
FV,lollipop_20_20,8,-0.32942129984170015,0.20755904200978104,0.04291045331878161,False,source,False
FV,lollipop_20_20,9,-0.28073233868303626,0.29532125677969695,0.04291045331878161,False,source,False
FV,lollipop_20_20,10,-0.2906283772384356,0.20880375915919483,0.04291045331878161,False,source,False
FV,lollipop_20_20,11,-0.30419789029791017,0.3625016270657449,0.04291045331878161,False,source,False
FV,lollipop_20_20,12,-0.3765588397212667,0.3561420529878665,0.04291045331878161,False,source,False
FV,lollipop_20_20,13,-0.3181305717720734,0.3228250328620067,0.04291045331878161,False,source,False
FV,lollipop_20_20,14,-0.36388773619047016,0.21867201336587316,0.04291045331878161,False,source,False
FV,lollipop_20_20,15,-0.24811509653535407,0.3072797867188603,0.04291045331878161,False,source,False
FV,lollipop_20_20,16,-0.251743991022563,0.2651757527464419,0.04291045331878161,False,source,False
FV,lollipop_20_20,17,-0.3695974517442529,0.32071496525801496,0.04291045331878161,False,source,False
FV,lollipop_20_20,18,-0.39188941228109075,0.2556892187299039,0.04291045331878161,False,source,False
FV,lollipop_20_20,19,-0.40747049770738836,0.20104566869808005,0.045323672611921044,False,source,False
FV,lollipop_20_20,20,-0.6149049636144159,-0.09751330258206144,0.004841701468621775,True,source,True
FV,lollipop_20_20,21,-0.7062565042224282,-0.37277599117011634,0.00515050507529987,False,source,False
FV,lollipop_20_20,22,-0.6417565458748253,-0.6109364977696964,0.005456724720419634,False,source,False
FV,lollipop_20_20,23,-0.439664104835037,-0.726955601202976,0.0057583242249840275,False,source,False
FV,lollipop_20_20,24,-0.18563353048021053,-0.7300531562019751,0.00605329813118741,False,source,False
FV,lollipop_20_20,25,0.0661137685472042,-0.621835594228762,0.006339685037519714,False,source,False
FV,lollipop_20_20,26,0.27920125481436586,-0.4819282565659814,0.006615580640922585,False,source,False
FV,lollipop_20_20,27,0.2901594571340642,-0.4001350438857946,0.006879150399274933,False,source,False
FV,lollipop_20_20,28,0.19861125028194238,-0.4160369633594189,0.007128641730009863,False,source,False
FV,lollipop_20_20,29,0.2820258988047152,-0.2584771627686513,0.007362395663749464,False,source,False
FV,lollipop_20_20,30,0.4786638495178829,-0.08809161543916516,0.0075788578754676286,False,source,False
FV,lollipop_20_20,31,0.6309092957277754,0.11256124079705672,0.007776589019830257,True,source,True
FV,lollipop_20_20,32,0.7222092246756022,0.3131672717848049,0.00795427430198885,False,source,False
FV,lollipop_20_20,33,0.7865007158591009,0.4593803104190471,0.008110732220187416,False,source,False
FV,lollipop_20_20,34,0.8916853176585574,0.3136361345706215,0.008244922422049435,False,source,False
FV,lollipop_20_20,35,0.8992185212162274,0.07877245683450335,0.00835595262230519,False,source,False
FV,lollipop_20_20,36,0.8520239304725519,-0.1763654497770481,0.008443084535960621,False,source,False
FV,lollipop_20_20,37,0.9032181905736666,-0.43900506663740263,0.008505738787455606,False,source,False
FV,lollipop_20_20,38,0.9417369956655353,-0.6750439423199576,0.008543498763168577,False,source,False
FV,lollipop_20_20,39,1.0,-0.8537329389960466,0.0042780566908253125,True,source,True
BTT,sbm_2blocks_n40,0,0.6746177084424075,-0.2205886698060362,33,False,local_reject,True
BTT,sbm_2blocks_n40,1,0.8089944562057679,-0.541687194110463,23,False,local_reject,False
BTT,sbm_2blocks_n40,2,0.6875865350033201,-0.4325346389016602,41,False,local_reject,False
BTT,sbm_2blocks_n40,3,0.8916722662925257,-0.3228224607050478,38,False,local_reject,False
BTT,sbm_2blocks_n40,4,0.7192667672498002,-0.5793018959303694,28,False,local_reject,False
BTT,sbm_2blocks_n40,5,0.7776048646519962,-0.7918266368421378,27,False,local_reject,False
BTT,sbm_2blocks_n40,6,0.8163363402746885,-0.4668231733562523,64,False,local_reject,False
BTT,sbm_2blocks_n40,7,0.6377389702770959,-0.6824335091221783,35,False,local_reject,False
BTT,sbm_2blocks_n40,8,0.6019361474721675,-0.4170148743106657,44,False,local_reject,False
BTT,sbm_2blocks_n40,9,0.3996765112680916,-0.2513220154840191,73,False,local_reject,False
BTT,sbm_2blocks_n40,10,0.686958008411075,-0.32533128643520887,47,False,local_reject,False
BTT,sbm_2blocks_n40,11,0.22906518734839398,-0.2357597211710631,37,False,local_reject,False
BTT,sbm_2blocks_n40,12,0.789617975339941,-0.21762077033644434,30,False,local_reject,False
BTT,sbm_2blocks_n40,13,0.5068767498720833,-0.4775174460586611,57,False,local_reject,False
BTT,sbm_2blocks_n40,14,0.355610343693151,-0.43994928472030254,38,False,local_reject,False
BTT,sbm_2blocks_n40,15,1.0,-0.31798408915318677,22,False,local_reject,False
BTT,sbm_2blocks_n40,16,0.3411868337103558,-0.12575232788758678,41,False,local_reject,False
BTT,sbm_2blocks_n40,17,0.5146434925552658,-0.3696669589197356,49,False,local_reject,True
BTT,sbm_2blocks_n40,18,0.5930330665873087,-0.5245281928462975,66,False,local_reject,False
BTT,sbm_2blocks_n40,19,0.5837965573712017,-0.24768937686174422,51,False,local_reject,False
BTT,sbm_2blocks_n40,20,-0.46103444800356946,0.18485236771446242,59,False,local_reject,False
BTT,sbm_2blocks_n40,21,-0.6502924256198188,0.2712203986387418,37,False,local_reject,True
BTT,sbm_2blocks_n40,22,-0.5335089017450333,0.3120134869610731,54,False,local_reject,False
BTT,sbm_2blocks_n40,23,-0.8359891933934214,0.16440245145967844,36,False,local_reject,False
BTT,sbm_2blocks_n40,24,-0.7836385410433441,0.3288811582735732,53,False,local_reject,False
BTT,sbm_2blocks_n40,25,-0.5634402085001842,0.48437457160373165,62,False,local_reject,False
BTT,sbm_2blocks_n40,26,-0.7842897723538425,0.25448700793944573,50,False,local_reject,False
BTT,sbm_2blocks_n40,27,-0.6585680005418597,0.4400289932989986,53,False,local_reject,False
BTT,sbm_2blocks_n40,28,-0.523309935102293,0.40088044950448526,51,False,local_reject,True
BTT,sbm_2blocks_n40,29,-0.5738145176818753,0.6157522299748405,48,False,local_reject,False
BTT,sbm_2blocks_n40,30,-0.630226378308392,0.3592192451232812,56,False,local_reject,False
BTT,sbm_2blocks_n40,31,-0.6593857684762823,0.510455055474066,68,False,local_reject,False
BTT,sbm_2blocks_n40,32,-0.7160050499353676,0.7063093624152624,28,False,local_reject,False
BTT,sbm_2blocks_n40,33,-0.2745445830781254,0.2288601693835516,53,False,local_reject,False
BTT,sbm_2blocks_n40,34,-0.7475733150310729,0.4624953644532782,48,False,local_reject,False
BTT,sbm_2blocks_n40,35,-0.4448063308624534,0.4850040218867334,41,False,local_reject,False
BTT,sbm_2blocks_n40,36,-0.8439085540712133,0.43656528306235376,41,False,local_reject,False
BTT,sbm_2blocks_n40,37,-0.8319106976025694,0.5613028058974102,43,False,local_reject,False
BTT,sbm_2blocks_n40,38,-0.466999629068965,0.5874220957030376,52,False,local_reject,False
BTT,sbm_2blocks_n40,39,-0.6329725316069558,0.19362800419106263,43,False,local_reject,True
FV,sbm_2blocks_n40,0,0.6746177084424075,-0.2205886698060362,0.01832460733924833,False,source,False
FV,sbm_2blocks_n40,1,0.8089944562057679,-0.541687194110463,0.01832460733958762,True,source,True
FV,sbm_2blocks_n40,2,0.6875865350033201,-0.4325346389016602,0.026178010485029143,False,source,False
FV,sbm_2blocks_n40,3,0.8916722662925257,-0.3228224607050478,0.018324607339699175,False,source,False
FV,sbm_2blocks_n40,4,0.7192667672498002,-0.5793018959303694,0.015706806291012676,False,source,False
FV,sbm_2blocks_n40,5,0.7776048646519962,-0.7918266368421378,0.010471204194140823,False,source,False
FV,sbm_2blocks_n40,6,0.8163363402746885,-0.4668231733562523,0.03141361258241223,False,source,False
FV,sbm_2blocks_n40,7,0.6377389702770959,-0.6824335091221783,0.018324607339710586,False,source,False
FV,sbm_2blocks_n40,8,0.6019361474721675,-0.4170148743106657,0.02879581153343653,False,source,False
FV,sbm_2blocks_n40,9,0.3996765112680916,-0.2513220154840191,0.03403141362782771,False,source,False
FV,sbm_2blocks_n40,10,0.686958008411075,-0.32533128643520887,0.020942408387811348,False,source,False
FV,sbm_2blocks_n40,11,0.22906518734839398,-0.2357597211710631,0.023560209433593392,False,source,False
FV,sbm_2blocks_n40,12,0.789617975339941,-0.21762077033644434,0.01570680629097222,False,source,False
FV,sbm_2blocks_n40,13,0.5068767498720833,-0.4775174460586611,0.034031413630000895,False,source,False
FV,sbm_2blocks_n40,14,0.355610343693151,-0.43994928472030254,0.020942408387347154,True,source,True
FV,sbm_2blocks_n40,15,1.0,-0.31798408915318677,0.015706806291206406,False,source,False
FV,sbm_2blocks_n40,16,0.3411868337103558,-0.12575232788758678,0.023560209433792022,False,source,False
FV,sbm_2blocks_n40,17,0.5146434925552658,-0.3696669589197356,0.031413612581489996,False,source,False
FV,sbm_2blocks_n40,18,0.5930330665873087,-0.5245281928462975,0.0366492146790272,False,source,False
FV,sbm_2blocks_n40,19,0.5837965573712017,-0.24768937686174422,0.026178010484482036,False,source,False
FV,sbm_2blocks_n40,20,-0.46103444800356946,0.18485236771446242,0.02879581150709079,False,source,False
FV,sbm_2blocks_n40,21,-0.6502924256198188,0.2712203986387418,0.023560209413605704,False,source,False
FV,sbm_2blocks_n40,22,-0.5335089017450333,0.3120134869610731,0.02879581150526126,False,source,False
FV,sbm_2blocks_n40,23,-0.8359891933934214,0.16440245145967844,0.015706806275508908,False,source,False
FV,sbm_2blocks_n40,24,-0.7836385410433441,0.3288811582735732,0.026178010459267632,False,source,False
FV,sbm_2blocks_n40,25,-0.5634402085001842,0.48437457160373165,0.03403141359713018,False,source,False
FV,sbm_2blocks_n40,26,-0.7842897723538425,0.25448700793944573,0.023560209413201895,False,source,False
FV,sbm_2blocks_n40,27,-0.6585680005418597,0.4400289932989986,0.03403141359673888,False,source,False
FV,sbm_2blocks_n40,28,-0.523309935102293,0.40088044950448526,0.03141361255127052,False,source,False
FV,sbm_2blocks_n40,29,-0.5738145176818753,0.6157522299748405,0.02617801045925497,False,source,False
FV,sbm_2blocks_n40,30,-0.630226378308392,0.3592192451232812,0.03141361255088549,False,source,False
FV,sbm_2blocks_n40,31,-0.6593857684762823,0.510455055474066,0.03403141359697209,False,source,False
FV,sbm_2blocks_n40,32,-0.7160050499353676,0.7063093624152624,0.02094240836710339,False,source,False
FV,sbm_2blocks_n40,33,-0.2745445830781254,0.2288601693835516,0.028795811509672444,False,source,False
FV,sbm_2blocks_n40,34,-0.7475733150310729,0.4624953644532782,0.02879581150495649,True,source,True
FV,sbm_2blocks_n40,35,-0.4448063308624534,0.4850040218867334,0.020942408367276136,False,source,False
FV,sbm_2blocks_n40,36,-0.8439085540712133,0.43656528306235376,0.023560209413194824,False,source,False
FV,sbm_2blocks_n40,37,-0.8319106976025694,0.5613028058974102,0.020942408367117287,False,source,False
FV,sbm_2blocks_n40,38,-0.466999629068965,0.5874220957030376,0.026178010459268035,False,source,False
FV,sbm_2blocks_n40,39,-0.6329725316069558,0.19362800419106263,0.023560209413395573,False,source,False
