graph_name,u,v
complete_n40,0,1
complete_n40,0,2
complete_n40,0,3
complete_n40,0,4
complete_n40,0,5
complete_n40,0,6
complete_n40,0,7
complete_n40,0,8
complete_n40,0,9
complete_n40,0,10
complete_n40,0,11
complete_n40,0,12
complete_n40,0,13
complete_n40,0,14
complete_n40,0,15
complete_n40,0,16
complete_n40,0,17
complete_n40,0,18
complete_n40,0,19
complete_n40,0,20
complete_n40,0,21
complete_n40,0,22
complete_n40,0,23
complete_n40,0,24
complete_n40,0,25
complete_n40,0,26
complete_n40,0,27
complete_n40,0,28
complete_n40,0,29
complete_n40,0,30
complete_n40,0,31
complete_n40,0,32
complete_n40,0,33
complete_n40,0,34
complete_n40,0,35
complete_n40,0,36
complete_n40,0,37
complete_n40,0,38
complete_n40,0,39
complete_n40,1,2
complete_n40,1,3
complete_n40,1,4
complete_n40,1,5
complete_n40,1,6
complete_n40,1,7
complete_n40,1,8
complete_n40,1,9
complete_n40,1,10
complete_n40,1,11
complete_n40,1,12
complete_n40,1,13
complete_n40,1,14
complete_n40,1,15
complete_n40,1,16
complete_n40,1,17
complete_n40,1,18
complete_n40,1,19
complete_n40,1,20
complete_n40,1,21
complete_n40,1,22
complete_n40,1,23
complete_n40,1,24
complete_n40,1,25
complete_n40,1,26
complete_n40,1,27
complete_n40,1,28
complete_n40,1,29
complete_n40,1,30
complete_n40,1,31
complete_n40,1,32
complete_n40,1,33
complete_n40,1,34
complete_n40,1,35
complete_n40,1,36
complete_n40,1,37
complete_n40,1,38
complete_n40,1,39
complete_n40,2,3
complete_n40,2,4
complete_n40,2,5
complete_n40,2,6
complete_n40,2,7
complete_n40,2,8
complete_n40,2,9
complete_n40,2,10
complete_n40,2,11
complete_n40,2,12
complete_n40,2,13
complete_n40,2,14
complete_n40,2,15
complete_n40,2,16
complete_n40,2,17
complete_n40,2,18
complete_n40,2,19
complete_n40,2,20
complete_n40,2,21
complete_n40,2,22
complete_n40,2,23
complete_n40,2,24
complete_n40,2,25
complete_n40,2,26
complete_n40,2,27
complete_n40,2,28
complete_n40,2,29
complete_n40,2,30
complete_n40,2,31
complete_n40,2,32
complete_n40,2,33
complete_n40,2,34
complete_n40,2,35
complete_n40,2,36
complete_n40,2,37
complete_n40,2,38
complete_n40,2,39
complete_n40,3,4
complete_n40,3,5
complete_n40,3,6
complete_n40,3,7
complete_n40,3,8
complete_n40,3,9
complete_n40,3,10
complete_n40,3,11
complete_n40,3,12
complete_n40,3,13
complete_n40,3,14
complete_n40,3,15
complete_n40,3,16
complete_n40,3,17
complete_n40,3,18
complete_n40,3,19
complete_n40,3,20
complete_n40,3,21
complete_n40,3,22
complete_n40,3,23
complete_n40,3,24
complete_n40,3,25
complete_n40,3,26
complete_n40,3,27
complete_n40,3,28
complete_n40,3,29
complete_n40,3,30
complete_n40,3,31
complete_n40,3,32
complete_n40,3,33
complete_n40,3,34
complete_n40,3,35
complete_n40,3,36
complete_n40,3,37
complete_n40,3,38
complete_n40,3,39
complete_n40,4,5
complete_n40,4,6
complete_n40,4,7
complete_n40,4,8
complete_n40,4,9
complete_n40,4,10
complete_n40,4,11
complete_n40,4,12
complete_n40,4,13
complete_n40,4,14
complete_n40,4,15
complete_n40,4,16
complete_n40,4,17
complete_n40,4,18
complete_n40,4,19
complete_n40,4,20
complete_n40,4,21
complete_n40,4,22
complete_n40,4,23
complete_n40,4,24
complete_n40,4,25
complete_n40,4,26
complete_n40,4,27
complete_n40,4,28
complete_n40,4,29
complete_n40,4,30
complete_n40,4,31
complete_n40,4,32
complete_n40,4,33
complete_n40,4,34
complete_n40,4,35
complete_n40,4,36
complete_n40,4,37
complete_n40,4,38
complete_n40,4,39
complete_n40,5,6
complete_n40,5,7
complete_n40,5,8
complete_n40,5,9
complete_n40,5,10
complete_n40,5,11
complete_n40,5,12
complete_n40,5,13
complete_n40,5,14
complete_n40,5,15
complete_n40,5,16
complete_n40,5,17
complete_n40,5,18
complete_n40,5,19
complete_n40,5,20
complete_n40,5,21
complete_n40,5,22
complete_n40,5,23
complete_n40,5,24
complete_n40,5,25
complete_n40,5,26
complete_n40,5,27
complete_n40,5,28
complete_n40,5,29
complete_n40,5,30
complete_n40,5,31
complete_n40,5,32
complete_n40,5,33
complete_n40,5,34
complete_n40,5,35
complete_n40,5,36
complete_n40,5,37
complete_n40,5,38
complete_n40,5,39
complete_n40,6,7
complete_n40,6,8
complete_n40,6,9
complete_n40,6,10
complete_n40,6,11
complete_n40,6,12
complete_n40,6,13
complete_n40,6,14
complete_n40,6,15
complete_n40,6,16
complete_n40,6,17
complete_n40,6,18
complete_n40,6,19
complete_n40,6,20
complete_n40,6,21
complete_n40,6,22
complete_n40,6,23
complete_n40,6,24
complete_n40,6,25
complete_n40,6,26
complete_n40,6,27
complete_n40,6,28
complete_n40,6,29
complete_n40,6,30
complete_n40,6,31
complete_n40,6,32
complete_n40,6,33
complete_n40,6,34
complete_n40,6,35
complete_n40,6,36
complete_n40,6,37
complete_n40,6,38
complete_n40,6,39
complete_n40,7,8
complete_n40,7,9
complete_n40,7,10
complete_n40,7,11
complete_n40,7,12
complete_n40,7,13
complete_n40,7,14
complete_n40,7,15
complete_n40,7,16
complete_n40,7,17
complete_n40,7,18
complete_n40,7,19
complete_n40,7,20
complete_n40,7,21
complete_n40,7,22
complete_n40,7,23
complete_n40,7,24
complete_n40,7,25
complete_n40,7,26
complete_n40,7,27
complete_n40,7,28
complete_n40,7,29
complete_n40,7,30
complete_n40,7,31
complete_n40,7,32
complete_n40,7,33
complete_n40,7,34
complete_n40,7,35
complete_n40,7,36
complete_n40,7,37
complete_n40,7,38
complete_n40,7,39
complete_n40,8,9
complete_n40,8,10
complete_n40,8,11
complete_n40,8,12
complete_n40,8,13
complete_n40,8,14
complete_n40,8,15
complete_n40,8,16
complete_n40,8,17
complete_n40,8,18
complete_n40,8,19
complete_n40,8,20
complete_n40,8,21
complete_n40,8,22
complete_n40,8,23
complete_n40,8,24
complete_n40,8,25
complete_n40,8,26
complete_n40,8,27
complete_n40,8,28
complete_n40,8,29
complete_n40,8,30
complete_n40,8,31
complete_n40,8,32
complete_n40,8,33
complete_n40,8,34
complete_n40,8,35
complete_n40,8,36
complete_n40,8,37
complete_n40,8,38
complete_n40,8,39
complete_n40,9,10
complete_n40,9,11
complete_n40,9,12
complete_n40,9,13
complete_n40,9,14
complete_n40,9,15
complete_n40,9,16
complete_n40,9,17
complete_n40,9,18
complete_n40,9,19
complete_n40,9,20
complete_n40,9,21
complete_n40,9,22
complete_n40,9,23
complete_n40,9,24
complete_n40,9,25
complete_n40,9,26
complete_n40,9,27
complete_n40,9,28
complete_n40,9,29
complete_n40,9,30
complete_n40,9,31
complete_n40,9,32
complete_n40,9,33
complete_n40,9,34
complete_n40,9,35
complete_n40,9,36
complete_n40,9,37
complete_n40,9,38
complete_n40,9,39
complete_n40,10,11
complete_n40,10,12
complete_n40,10,13
complete_n40,10,14
complete_n40,10,15
complete_n40,10,16
complete_n40,10,17
complete_n40,10,18
complete_n40,10,19
complete_n40,10,20
complete_n40,10,21
complete_n40,10,22
complete_n40,10,23
complete_n40,10,24
complete_n40,10,25
complete_n40,10,26
complete_n40,10,27
complete_n40,10,28
complete_n40,10,29
complete_n40,10,30
complete_n40,10,31
complete_n40,10,32
complete_n40,10,33
complete_n40,10,34
complete_n40,10,35
complete_n40,10,36
complete_n40,10,37
complete_n40,10,38
complete_n40,10,39
complete_n40,11,12
complete_n40,11,13
complete_n40,11,14
complete_n40,11,15
complete_n40,11,16
complete_n40,11,17
complete_n40,11,18
complete_n40,11,19
complete_n40,11,20
complete_n40,11,21
complete_n40,11,22
complete_n40,11,23
complete_n40,11,24
complete_n40,11,25
complete_n40,11,26
complete_n40,11,27
complete_n40,11,28
complete_n40,11,29
complete_n40,11,30
complete_n40,11,31
complete_n40,11,32
complete_n40,11,33
complete_n40,11,34
complete_n40,11,35
complete_n40,11,36
complete_n40,11,37
complete_n40,11,38
complete_n40,11,39
complete_n40,12,13
complete_n40,12,14
complete_n40,12,15
complete_n40,12,16
complete_n40,12,17
complete_n40,12,18
complete_n40,12,19
complete_n40,12,20
complete_n40,12,21
complete_n40,12,22
complete_n40,12,23
complete_n40,12,24
complete_n40,12,25
complete_n40,12,26
complete_n40,12,27
complete_n40,12,28
complete_n40,12,29
complete_n40,12,30
complete_n40,12,31
complete_n40,12,32
complete_n40,12,33
complete_n40,12,34
complete_n40,12,35
complete_n40,12,36
complete_n40,12,37
complete_n40,12,38
complete_n40,12,39
complete_n40,13,14
complete_n40,13,15
complete_n40,13,16
complete_n40,13,17
complete_n40,13,18
complete_n40,13,19
complete_n40,13,20
complete_n40,13,21
complete_n40,13,22
complete_n40,13,23
complete_n40,13,24
complete_n40,13,25
complete_n40,13,26
complete_n40,13,27
complete_n40,13,28
complete_n40,13,29
complete_n40,13,30
complete_n40,13,31
complete_n40,13,32
complete_n40,13,33
complete_n40,13,34
complete_n40,13,35
complete_n40,13,36
complete_n40,13,37
complete_n40,13,38
complete_n40,13,39
complete_n40,14,15
complete_n40,14,16
complete_n40,14,17
complete_n40,14,18
complete_n40,14,19
complete_n40,14,20
complete_n40,14,21
complete_n40,14,22
complete_n40,14,23
complete_n40,14,24
complete_n40,14,25
complete_n40,14,26
complete_n40,14,27
complete_n40,14,28
complete_n40,14,29
complete_n40,14,30
complete_n40,14,31
complete_n40,14,32
complete_n40,14,33
complete_n40,14,34
complete_n40,14,35
complete_n40,14,36
complete_n40,14,37
complete_n40,14,38
complete_n40,14,39
complete_n40,15,16
complete_n40,15,17
complete_n40,15,18
complete_n40,15,19
complete_n40,15,20
complete_n40,15,21
complete_n40,15,22
complete_n40,15,23
complete_n40,15,24
complete_n40,15,25
complete_n40,15,26
complete_n40,15,27
complete_n40,15,28
complete_n40,15,29
complete_n40,15,30
complete_n40,15,31
complete_n40,15,32
complete_n40,15,33
complete_n40,15,34
complete_n40,15,35
complete_n40,15,36
complete_n40,15,37
complete_n40,15,38
complete_n40,15,39
complete_n40,16,17
complete_n40,16,18
complete_n40,16,19
complete_n40,16,20
complete_n40,16,21
complete_n40,16,22
complete_n40,16,23
complete_n40,16,24
complete_n40,16,25
complete_n40,16,26
complete_n40,16,27
complete_n40,16,28
complete_n40,16,29
complete_n40,16,30
complete_n40,16,31
complete_n40,16,32
complete_n40,16,33
complete_n40,16,34
complete_n40,16,35
complete_n40,16,36
complete_n40,16,37
complete_n40,16,38
complete_n40,16,39
complete_n40,17,18
complete_n40,17,19
complete_n40,17,20
complete_n40,17,21
complete_n40,17,22
complete_n40,17,23
complete_n40,17,24
complete_n40,17,25
complete_n40,17,26
complete_n40,17,27
complete_n40,17,28
complete_n40,17,29
complete_n40,17,30
complete_n40,17,31
complete_n40,17,32
complete_n40,17,33
complete_n40,17,34
complete_n40,17,35
complete_n40,17,36
complete_n40,17,37
complete_n40,17,38
complete_n40,17,39
complete_n40,18,19
complete_n40,18,20
complete_n40,18,21
complete_n40,18,22
complete_n40,18,23
complete_n40,18,24
complete_n40,18,25
complete_n40,18,26
complete_n40,18,27
complete_n40,18,28
complete_n40,18,29
complete_n40,18,30
complete_n40,18,31
complete_n40,18,32
complete_n40,18,33
complete_n40,18,34
complete_n40,18,35
complete_n40,18,36
complete_n40,18,37
complete_n40,18,38
complete_n40,18,39
complete_n40,19,20
complete_n40,19,21
complete_n40,19,22
complete_n40,19,23
complete_n40,19,24
complete_n40,19,25
complete_n40,19,26
complete_n40,19,27
complete_n40,19,28
complete_n40,19,29
complete_n40,19,30
complete_n40,19,31
complete_n40,19,32
complete_n40,19,33
complete_n40,19,34
complete_n40,19,35
complete_n40,19,36
complete_n40,19,37
complete_n40,19,38
complete_n40,19,39
complete_n40,20,21
complete_n40,20,22
complete_n40,20,23
complete_n40,20,24
complete_n40,20,25
complete_n40,20,26
complete_n40,20,27
complete_n40,20,28
complete_n40,20,29
complete_n40,20,30
complete_n40,20,31
complete_n40,20,32
complete_n40,20,33
complete_n40,20,34
complete_n40,20,35
complete_n40,20,36
complete_n40,20,37
complete_n40,20,38
complete_n40,20,39
complete_n40,21,22
complete_n40,21,23
complete_n40,21,24
complete_n40,21,25
complete_n40,21,26
complete_n40,21,27
complete_n40,21,28
complete_n40,21,29
complete_n40,21,30
complete_n40,21,31
complete_n40,21,32
complete_n40,21,33
complete_n40,21,34
complete_n40,21,35
complete_n40,21,36
complete_n40,21,37
complete_n40,21,38
complete_n40,21,39
complete_n40,22,23
complete_n40,22,24
complete_n40,22,25
complete_n40,22,26
complete_n40,22,27
complete_n40,22,28
complete_n40,22,29
complete_n40,22,30
complete_n40,22,31
complete_n40,22,32
complete_n40,22,33
complete_n40,22,34
complete_n40,22,35
complete_n40,22,36
complete_n40,22,37
complete_n40,22,38
complete_n40,22,39
complete_n40,23,24
complete_n40,23,25
complete_n40,23,26
complete_n40,23,27
complete_n40,23,28
complete_n40,23,29
complete_n40,23,30
complete_n40,23,31
complete_n40,23,32
complete_n40,23,33
complete_n40,23,34
complete_n40,23,35
complete_n40,23,36
complete_n40,23,37
complete_n40,23,38
complete_n40,23,39
complete_n40,24,25
complete_n40,24,26
complete_n40,24,27
complete_n40,24,28
complete_n40,24,29
complete_n40,24,30
complete_n40,24,31
complete_n40,24,32
complete_n40,24,33
complete_n40,24,34
complete_n40,24,35
complete_n40,24,36
complete_n40,24,37
complete_n40,24,38
complete_n40,24,39
complete_n40,25,26
complete_n40,25,27
complete_n40,25,28
complete_n40,25,29
complete_n40,25,30
complete_n40,25,31
complete_n40,25,32
complete_n40,25,33
complete_n40,25,34
complete_n40,25,35
complete_n40,25,36
complete_n40,25,37
complete_n40,25,38
complete_n40,25,39
complete_n40,26,27
complete_n40,26,28
complete_n40,26,29
complete_n40,26,30
complete_n40,26,31
complete_n40,26,32
complete_n40,26,33
complete_n40,26,34
complete_n40,26,35
complete_n40,26,36
complete_n40,26,37
complete_n40,26,38
complete_n40,26,39
complete_n40,27,28
complete_n40,27,29
complete_n40,27,30
complete_n40,27,31
complete_n40,27,32
complete_n40,27,33
complete_n40,27,34
complete_n40,27,35
complete_n40,27,36
complete_n40,27,37
complete_n40,27,38
complete_n40,27,39
complete_n40,28,29
complete_n40,28,30
complete_n40,28,31
complete_n40,28,32
complete_n40,28,33
complete_n40,28,34
complete_n40,28,35
complete_n40,28,36
complete_n40,28,37
complete_n40,28,38
complete_n40,28,39
complete_n40,29,30
complete_n40,29,31
complete_n40,29,32
complete_n40,29,33
complete_n40,29,34
complete_n40,29,35
complete_n40,29,36
complete_n40,29,37
complete_n40,29,38
complete_n40,29,39
complete_n40,30,31
complete_n40,30,32
complete_n40,30,33
complete_n40,30,34
complete_n40,30,35
complete_n40,30,36
complete_n40,30,37
complete_n40,30,38
complete_n40,30,39
complete_n40,31,32
complete_n40,31,33
complete_n40,31,34
complete_n40,31,35
complete_n40,31,36
complete_n40,31,37
complete_n40,31,38
complete_n40,31,39
complete_n40,32,33
complete_n40,32,34
complete_n40,32,35
complete_n40,32,36
complete_n40,32,37
complete_n40,32,38
complete_n40,32,39
complete_n40,33,34
complete_n40,33,35
complete_n40,33,36
complete_n40,33,37
complete_n40,33,38
complete_n40,33,39
complete_n40,34,35
complete_n40,34,36
complete_n40,34,37
complete_n40,34,38
complete_n40,34,39
complete_n40,35,36
complete_n40,35,37
complete_n40,35,38
complete_n40,35,39
complete_n40,36,37
complete_n40,36,38
complete_n40,36,39
complete_n40,37,38
complete_n40,37,39
complete_n40,38,39
reg4_n40,0,1
reg4_n40,0,5
reg4_n40,0,39
reg4_n40,0,17
reg4_n40,1,23
reg4_n40,1,3
reg4_n40,1,16
reg4_n40,2,3
reg4_n40,2,26
reg4_n40,2,7
reg4_n40,2,34
reg4_n40,3,18
reg4_n40,3,9
reg4_n40,4,5
reg4_n40,4,20
reg4_n40,4,8
reg4_n40,4,35
reg4_n40,5,26
reg4_n40,5,34
reg4_n40,6,7
reg4_n40,6,13
reg4_n40,6,36
reg4_n40,6,33
reg4_n40,7,23
reg4_n40,7,29
reg4_n40,8,9
reg4_n40,8,24
reg4_n40,8,28
reg4_n40,9,30
reg4_n40,9,23
reg4_n40,10,11
reg4_n40,10,30
reg4_n40,10,39
reg4_n40,10,20
reg4_n40,11,32
reg4_n40,11,27
reg4_n40,11,29
reg4_n40,12,13
reg4_n40,12,24
reg4_n40,12,21
reg4_n40,12,38
reg4_n40,13,14
reg4_n40,13,25
reg4_n40,14,26
reg4_n40,14,33
reg4_n40,14,18
reg4_n40,15,16
reg4_n40,15,21
reg4_n40,15,26
reg4_n40,15,34
reg4_n40,16,22
reg4_n40,16,24
reg4_n40,17,18
reg4_n40,17,27
reg4_n40,17,24
reg4_n40,18,19
reg4_n40,19,34
reg4_n40,19,36
reg4_n40,19,32
reg4_n40,20,21
reg4_n40,20,25
reg4_n40,21,27
reg4_n40,22,27
reg4_n40,22,29
reg4_n40,22,36
reg4_n40,23,38
reg4_n40,25,28
reg4_n40,25,38
reg4_n40,28,37
reg4_n40,28,32
reg4_n40,29,35
reg4_n40,30,33
reg4_n40,30,38
reg4_n40,31,32
reg4_n40,31,35
reg4_n40,31,39
reg4_n40,31,37
reg4_n40,33,37
reg4_n40,35,39
reg4_n40,36,37
reg6_n40,0,1
reg6_n40,0,25
reg6_n40,0,32
reg6_n40,0,22
reg6_n40,0,18
reg6_n40,0,33
reg6_n40,1,20
reg6_n40,1,27
reg6_n40,1,37
reg6_n40,1,32
reg6_n40,1,10
reg6_n40,2,3
reg6_n40,2,4
reg6_n40,2,5
reg6_n40,2,28
reg6_n40,2,8
reg6_n40,2,34
reg6_n40,3,34
reg6_n40,3,4
reg6_n40,3,26
reg6_n40,3,31
reg6_n40,3,11
reg6_n40,4,5
reg6_n40,4,20
reg6_n40,4,21
reg6_n40,4,14
reg6_n40,5,9
reg6_n40,5,23
reg6_n40,5,21
reg6_n40,5,30
reg6_n40,6,7
reg6_n40,6,21
reg6_n40,6,30
reg6_n40,6,17
reg6_n40,6,9
reg6_n40,6,19
reg6_n40,7,14
reg6_n40,7,39
reg6_n40,7,37
reg6_n40,7,36
reg6_n40,7,9
reg6_n40,8,9
reg6_n40,8,30
reg6_n40,8,35
reg6_n40,8,33
reg6_n40,8,16
reg6_n40,9,28
reg6_n40,9,39
reg6_n40,10,11
reg6_n40,10,33
reg6_n40,10,28
reg6_n40,10,30
reg6_n40,10,17
reg6_n40,11,23
reg6_n40,11,30
reg6_n40,11,35
reg6_n40,11,26
reg6_n40,12,13
reg6_n40,12,36
reg6_n40,12,16
reg6_n40,12,27
reg6_n40,12,23
reg6_n40,12,30
reg6_n40,13,24
reg6_n40,13,14
reg6_n40,13,37
reg6_n40,13,36
reg6_n40,13,38
reg6_n40,14,15
reg6_n40,14,38
reg6_n40,14,31
reg6_n40,15,28
reg6_n40,15,20
reg6_n40,15,32
reg6_n40,15,26
reg6_n40,15,31
reg6_n40,16,17
reg6_n40,16,22
reg6_n40,16,20
reg6_n40,16,37
reg6_n40,17,27
reg6_n40,17,24
reg6_n40,17,39
reg6_n40,18,19
reg6_n40,18,20
reg6_n40,18,35
reg6_n40,18,33
reg6_n40,18,25
reg6_n40,19,35
reg6_n40,19,23
reg6_n40,19,28
reg6_n40,19,34
reg6_n40,20,34
reg6_n40,21,22
reg6_n40,21,39
reg6_n40,21,37
reg6_n40,22,31
reg6_n40,22,29
reg6_n40,22,36
reg6_n40,23,39
reg6_n40,23,27
reg6_n40,24,27
reg6_n40,24,36
reg6_n40,24,38
reg6_n40,24,25
reg6_n40,25,26
reg6_n40,25,39
reg6_n40,25,38
reg6_n40,26,36
reg6_n40,26,34
reg6_n40,27,29
reg6_n40,28,29
reg6_n40,29,32
reg6_n40,29,38
reg6_n40,29,35
reg6_n40,31,32
reg6_n40,31,34
reg6_n40,32,33
reg6_n40,33,38
reg6_n40,35,37
reg8_n40,0,1
reg8_n40,0,31
reg8_n40,0,25
reg8_n40,0,2
reg8_n40,0,38
reg8_n40,0,17
reg8_n40,0,35
reg8_n40,0,28
reg8_n40,1,7
reg8_n40,1,26
reg8_n40,1,5
reg8_n40,1,23
reg8_n40,1,16
reg8_n40,1,9
reg8_n40,1,8
reg8_n40,2,3
reg8_n40,2,16
reg8_n40,2,36
reg8_n40,2,4
reg8_n40,2,11
reg8_n40,2,18
reg8_n40,2,20
reg8_n40,3,6
reg8_n40,3,24
reg8_n40,3,29
reg8_n40,3,27
reg8_n40,3,35
reg8_n40,3,25
reg8_n40,3,15
reg8_n40,4,5
reg8_n40,4,14
reg8_n40,4,13
reg8_n40,4,22
reg8_n40,4,34
reg8_n40,4,30
reg8_n40,4,37
reg8_n40,5,11
reg8_n40,5,37
reg8_n40,5,23
reg8_n40,5,39
reg8_n40,5,36
reg8_n40,5,21
reg8_n40,6,7
reg8_n40,6,37
reg8_n40,6,9
reg8_n40,6,15
reg8_n40,6,11
reg8_n40,6,18
reg8_n40,6,30
reg8_n40,7,33
reg8_n40,7,38
reg8_n40,7,15
reg8_n40,7,23
reg8_n40,7,11
reg8_n40,7,16
reg8_n40,8,9
reg8_n40,8,25
reg8_n40,8,13
reg8_n40,8,39
reg8_n40,8,38
reg8_n40,8,36
reg8_n40,8,32
reg8_n40,9,26
reg8_n40,9,10
reg8_n40,9,37
reg8_n40,9,21
reg8_n40,9,32
reg8_n40,10,11
reg8_n40,10,17
reg8_n40,10,26
reg8_n40,10,33
reg8_n40,10,31
reg8_n40,10,25
reg8_n40,10,28
reg8_n40,11,26
reg8_n40,11,35
reg8_n40,11,20
reg8_n40,12,13
reg8_n40,12,32
reg8_n40,12,24
reg8_n40,12,34
reg8_n40,12,27
reg8_n40,12,33
reg8_n40,12,39
reg8_n40,12,38
reg8_n40,13,26
reg8_n40,13,24
reg8_n40,13,39
reg8_n40,13,15
reg8_n40,13,27
reg8_n40,14,15
reg8_n40,14,30
reg8_n40,14,31
reg8_n40,14,38
reg8_n40,14,36
reg8_n40,14,21
reg8_n40,14,22
reg8_n40,15,32
reg8_n40,15,17
reg8_n40,15,36
reg8_n40,16,17
reg8_n40,16,20
reg8_n40,16,37
reg8_n40,16,32
reg8_n40,16,18
reg8_n40,17,36
reg8_n40,17,22
reg8_n40,17,32
reg8_n40,17,30
reg8_n40,18,19
reg8_n40,18,25
reg8_n40,18,39
reg8_n40,18,21
reg8_n40,18,35
reg8_n40,19,34
reg8_n40,19,30
reg8_n40,19,38
reg8_n40,19,37
reg8_n40,19,21
reg8_n40,19,36
reg8_n40,19,29
reg8_n40,20,21
reg8_n40,20,39
reg8_n40,20,33
reg8_n40,20,24
reg8_n40,20,28
reg8_n40,21,27
reg8_n40,21,37
reg8_n40,22,23
reg8_n40,22,30
reg8_n40,22,39
reg8_n40,22,37
reg8_n40,22,29
reg8_n40,23,35
reg8_n40,23,31
reg8_n40,23,25
reg8_n40,23,33
reg8_n40,24,35
reg8_n40,24,34
reg8_n40,24,31
reg8_n40,24,27
reg8_n40,25,30
reg8_n40,25,27
reg8_n40,26,27
reg8_n40,26,35
reg8_n40,26,33
reg8_n40,27,33
reg8_n40,28,29
reg8_n40,28,31
reg8_n40,28,32
reg8_n40,28,34
reg8_n40,28,39
reg8_n40,29,34
reg8_n40,29,33
reg8_n40,29,38
reg8_n40,29,36
reg8_n40,30,34
reg8_n40,31,34
reg8_n40,31,38
reg8_n40,32,35
er_dense_n40,0,26
er_dense_n40,0,36
er_dense_n40,1,3
er_dense_n40,1,15
er_dense_n40,1,19
er_dense_n40,1,38
er_dense_n40,2,23
er_dense_n40,2,30
er_dense_n40,2,35
er_dense_n40,2,36
er_dense_n40,2,38
er_dense_n40,3,7
er_dense_n40,3,14
er_dense_n40,3,15
er_dense_n40,3,18
er_dense_n40,3,22
er_dense_n40,3,24
er_dense_n40,3,29
er_dense_n40,3,31
er_dense_n40,3,32
er_dense_n40,3,39
er_dense_n40,4,7
er_dense_n40,4,14
er_dense_n40,4,24
er_dense_n40,4,27
er_dense_n40,5,7
er_dense_n40,5,20
er_dense_n40,5,23
er_dense_n40,5,38
er_dense_n40,6,13
er_dense_n40,6,16
er_dense_n40,6,17
er_dense_n40,6,22
er_dense_n40,6,25
er_dense_n40,6,30
er_dense_n40,6,36
er_dense_n40,6,37
er_dense_n40,7,11
er_dense_n40,7,22
er_dense_n40,7,23
er_dense_n40,7,29
er_dense_n40,7,30
er_dense_n40,7,38
er_dense_n40,7,39
er_dense_n40,8,10
er_dense_n40,8,14
er_dense_n40,8,31
er_dense_n40,8,32
er_dense_n40,8,34
er_dense_n40,8,35
er_dense_n40,9,19
er_dense_n40,9,25
er_dense_n40,9,28
er_dense_n40,9,31
er_dense_n40,9,35
er_dense_n40,9,38
er_dense_n40,10,26
er_dense_n40,10,27
er_dense_n40,10,34
er_dense_n40,10,35
er_dense_n40,10,37
er_dense_n40,10,39
er_dense_n40,11,12
er_dense_n40,11,15
er_dense_n40,11,16
er_dense_n40,12,13
er_dense_n40,12,14
er_dense_n40,12,17
er_dense_n40,12,23
er_dense_n40,12,25
er_dense_n40,12,28
er_dense_n40,12,29
er_dense_n40,12,35
er_dense_n40,13,14
er_dense_n40,13,16
er_dense_n40,13,17
er_dense_n40,13,20
er_dense_n40,13,31
er_dense_n40,13,35
er_dense_n40,14,25
er_dense_n40,14,26
er_dense_n40,14,34
er_dense_n40,15,17
er_dense_n40,15,23
er_dense_n40,15,26
er_dense_n40,15,29
er_dense_n40,15,33
er_dense_n40,15,34
er_dense_n40,15,36
er_dense_n40,15,38
er_dense_n40,16,18
er_dense_n40,16,24
er_dense_n40,16,25
er_dense_n40,16,27
er_dense_n40,16,31
er_dense_n40,16,34
er_dense_n40,17,20
er_dense_n40,17,22
er_dense_n40,17,24
er_dense_n40,17,33
er_dense_n40,17,34
er_dense_n40,17,35
er_dense_n40,17,36
er_dense_n40,17,37
er_dense_n40,18,20
er_dense_n40,18,23
er_dense_n40,18,27
er_dense_n40,19,28
er_dense_n40,19,33
er_dense_n40,19,36
er_dense_n40,20,22
er_dense_n40,20,31
er_dense_n40,20,33
er_dense_n40,20,38
er_dense_n40,21,26
er_dense_n40,21,33
er_dense_n40,22,31
er_dense_n40,22,35
er_dense_n40,23,28
er_dense_n40,23,31
er_dense_n40,23,33
er_dense_n40,23,36
er_dense_n40,23,38
er_dense_n40,24,28
er_dense_n40,24,29
er_dense_n40,24,38
er_dense_n40,25,27
er_dense_n40,25,34
er_dense_n40,26,32
er_dense_n40,26,35
er_dense_n40,26,37
er_dense_n40,26,39
er_dense_n40,28,36
er_dense_n40,28,37
er_dense_n40,28,38
er_dense_n40,29,30
er_dense_n40,29,38
er_dense_n40,30,35
er_dense_n40,30,36
er_dense_n40,32,34
er_dense_n40,32,36
er_dense_n40,32,39
er_dense_n40,33,37
er_dense_n40,33,38
er_dense_n40,33,39
er_dense_n40,34,39
er_dense_n40,35,39
er_dense_n40,36,37
er_dense_n40,36,39
barbell_20_1,0,1
barbell_20_1,0,2
barbell_20_1,0,3
barbell_20_1,0,4
barbell_20_1,0,5
barbell_20_1,0,6
barbell_20_1,0,7
barbell_20_1,0,8
barbell_20_1,0,9
barbell_20_1,0,10
barbell_20_1,0,11
barbell_20_1,0,12
barbell_20_1,0,13
barbell_20_1,0,14
barbell_20_1,0,15
barbell_20_1,0,16
barbell_20_1,0,17
barbell_20_1,0,18
barbell_20_1,0,19
barbell_20_1,1,2
barbell_20_1,1,3
barbell_20_1,1,4
barbell_20_1,1,5
barbell_20_1,1,6
barbell_20_1,1,7
barbell_20_1,1,8
barbell_20_1,1,9
barbell_20_1,1,10
barbell_20_1,1,11
barbell_20_1,1,12
barbell_20_1,1,13
barbell_20_1,1,14
barbell_20_1,1,15
barbell_20_1,1,16
barbell_20_1,1,17
barbell_20_1,1,18
barbell_20_1,1,19
barbell_20_1,2,3
barbell_20_1,2,4
barbell_20_1,2,5
barbell_20_1,2,6
barbell_20_1,2,7
barbell_20_1,2,8
barbell_20_1,2,9
barbell_20_1,2,10
barbell_20_1,2,11
barbell_20_1,2,12
barbell_20_1,2,13
barbell_20_1,2,14
barbell_20_1,2,15
barbell_20_1,2,16
barbell_20_1,2,17
barbell_20_1,2,18
barbell_20_1,2,19
barbell_20_1,3,4
barbell_20_1,3,5
barbell_20_1,3,6
barbell_20_1,3,7
barbell_20_1,3,8
barbell_20_1,3,9
barbell_20_1,3,10
barbell_20_1,3,11
barbell_20_1,3,12
barbell_20_1,3,13
barbell_20_1,3,14
barbell_20_1,3,15
barbell_20_1,3,16
barbell_20_1,3,17
barbell_20_1,3,18
barbell_20_1,3,19
barbell_20_1,4,5
barbell_20_1,4,6
barbell_20_1,4,7
barbell_20_1,4,8
barbell_20_1,4,9
barbell_20_1,4,10
barbell_20_1,4,11
barbell_20_1,4,12
barbell_20_1,4,13
barbell_20_1,4,14
barbell_20_1,4,15
barbell_20_1,4,16
barbell_20_1,4,17
barbell_20_1,4,18
barbell_20_1,4,19
barbell_20_1,5,6
barbell_20_1,5,7
barbell_20_1,5,8
barbell_20_1,5,9
barbell_20_1,5,10
barbell_20_1,5,11
barbell_20_1,5,12
barbell_20_1,5,13
barbell_20_1,5,14
barbell_20_1,5,15
barbell_20_1,5,16
barbell_20_1,5,17
barbell_20_1,5,18
barbell_20_1,5,19
barbell_20_1,6,7
barbell_20_1,6,8
barbell_20_1,6,9
barbell_20_1,6,10
barbell_20_1,6,11
barbell_20_1,6,12
barbell_20_1,6,13
barbell_20_1,6,14
barbell_20_1,6,15
barbell_20_1,6,16
barbell_20_1,6,17
barbell_20_1,6,18
barbell_20_1,6,19
barbell_20_1,7,8
barbell_20_1,7,9
barbell_20_1,7,10
barbell_20_1,7,11
barbell_20_1,7,12
barbell_20_1,7,13
barbell_20_1,7,14
barbell_20_1,7,15
barbell_20_1,7,16
barbell_20_1,7,17
barbell_20_1,7,18
barbell_20_1,7,19
barbell_20_1,8,9
barbell_20_1,8,10
barbell_20_1,8,11
barbell_20_1,8,12
barbell_20_1,8,13
barbell_20_1,8,14
barbell_20_1,8,15
barbell_20_1,8,16
barbell_20_1,8,17
barbell_20_1,8,18
barbell_20_1,8,19
barbell_20_1,9,10
barbell_20_1,9,11
barbell_20_1,9,12
barbell_20_1,9,13
barbell_20_1,9,14
barbell_20_1,9,15
barbell_20_1,9,16
barbell_20_1,9,17
barbell_20_1,9,18
barbell_20_1,9,19
barbell_20_1,10,11
barbell_20_1,10,12
barbell_20_1,10,13
barbell_20_1,10,14
barbell_20_1,10,15
barbell_20_1,10,16
barbell_20_1,10,17
barbell_20_1,10,18
barbell_20_1,10,19
barbell_20_1,11,12
barbell_20_1,11,13
barbell_20_1,11,14
barbell_20_1,11,15
barbell_20_1,11,16
barbell_20_1,11,17
barbell_20_1,11,18
barbell_20_1,11,19
barbell_20_1,12,13
barbell_20_1,12,14
barbell_20_1,12,15
barbell_20_1,12,16
barbell_20_1,12,17
barbell_20_1,12,18
barbell_20_1,12,19
barbell_20_1,13,14
barbell_20_1,13,15
barbell_20_1,13,16
barbell_20_1,13,17
barbell_20_1,13,18
barbell_20_1,13,19
barbell_20_1,14,15
barbell_20_1,14,16
barbell_20_1,14,17
barbell_20_1,14,18
barbell_20_1,14,19
barbell_20_1,15,16
barbell_20_1,15,17
barbell_20_1,15,18
barbell_20_1,15,19
barbell_20_1,16,17
barbell_20_1,16,18
barbell_20_1,16,19
barbell_20_1,17,18
barbell_20_1,17,19
barbell_20_1,18,19
barbell_20_1,19,40
barbell_20_1,20,21
barbell_20_1,20,22
barbell_20_1,20,23
barbell_20_1,20,24
barbell_20_1,20,25
barbell_20_1,20,26
barbell_20_1,20,27
barbell_20_1,20,28
barbell_20_1,20,29
barbell_20_1,20,30
barbell_20_1,20,31
barbell_20_1,20,32
barbell_20_1,20,33
barbell_20_1,20,34
barbell_20_1,20,35
barbell_20_1,20,36
barbell_20_1,20,37
barbell_20_1,20,38
barbell_20_1,20,39
barbell_20_1,20,40
barbell_20_1,21,22
barbell_20_1,21,23
barbell_20_1,21,24
barbell_20_1,21,25
barbell_20_1,21,26
barbell_20_1,21,27
barbell_20_1,21,28
barbell_20_1,21,29
barbell_20_1,21,30
barbell_20_1,21,31
barbell_20_1,21,32
barbell_20_1,21,33
barbell_20_1,21,34
barbell_20_1,21,35
barbell_20_1,21,36
barbell_20_1,21,37
barbell_20_1,21,38
barbell_20_1,21,39
barbell_20_1,22,23
barbell_20_1,22,24
barbell_20_1,22,25
barbell_20_1,22,26
barbell_20_1,22,27
barbell_20_1,22,28
barbell_20_1,22,29
barbell_20_1,22,30
barbell_20_1,22,31
barbell_20_1,22,32
barbell_20_1,22,33
barbell_20_1,22,34
barbell_20_1,22,35
barbell_20_1,22,36
barbell_20_1,22,37
barbell_20_1,22,38
barbell_20_1,22,39
barbell_20_1,23,24
barbell_20_1,23,25
barbell_20_1,23,26
barbell_20_1,23,27
barbell_20_1,23,28
barbell_20_1,23,29
barbell_20_1,23,30
barbell_20_1,23,31
barbell_20_1,23,32
barbell_20_1,23,33
barbell_20_1,23,34
barbell_20_1,23,35
barbell_20_1,23,36
barbell_20_1,23,37
barbell_20_1,23,38
barbell_20_1,23,39
barbell_20_1,24,25
barbell_20_1,24,26
barbell_20_1,24,27
barbell_20_1,24,28
barbell_20_1,24,29
barbell_20_1,24,30
barbell_20_1,24,31
barbell_20_1,24,32
barbell_20_1,24,33
barbell_20_1,24,34
barbell_20_1,24,35
barbell_20_1,24,36
barbell_20_1,24,37
barbell_20_1,24,38
barbell_20_1,24,39
barbell_20_1,25,26
barbell_20_1,25,27
barbell_20_1,25,28
barbell_20_1,25,29
barbell_20_1,25,30
barbell_20_1,25,31
barbell_20_1,25,32
barbell_20_1,25,33
barbell_20_1,25,34
barbell_20_1,25,35
barbell_20_1,25,36
barbell_20_1,25,37
barbell_20_1,25,38
barbell_20_1,25,39
barbell_20_1,26,27
barbell_20_1,26,28
barbell_20_1,26,29
barbell_20_1,26,30
barbell_20_1,26,31
barbell_20_1,26,32
barbell_20_1,26,33
barbell_20_1,26,34
barbell_20_1,26,35
barbell_20_1,26,36
barbell_20_1,26,37
barbell_20_1,26,38
barbell_20_1,26,39
barbell_20_1,27,28
barbell_20_1,27,29
barbell_20_1,27,30
barbell_20_1,27,31
barbell_20_1,27,32
barbell_20_1,27,33
barbell_20_1,27,34
barbell_20_1,27,35
barbell_20_1,27,36
barbell_20_1,27,37
barbell_20_1,27,38
barbell_20_1,27,39
barbell_20_1,28,29
barbell_20_1,28,30
barbell_20_1,28,31
barbell_20_1,28,32
barbell_20_1,28,33
barbell_20_1,28,34
barbell_20_1,28,35
barbell_20_1,28,36
barbell_20_1,28,37
barbell_20_1,28,38
barbell_20_1,28,39
barbell_20_1,29,30
barbell_20_1,29,31
barbell_20_1,29,32
barbell_20_1,29,33
barbell_20_1,29,34
barbell_20_1,29,35
barbell_20_1,29,36
barbell_20_1,29,37
barbell_20_1,29,38
barbell_20_1,29,39
barbell_20_1,30,31
barbell_20_1,30,32
barbell_20_1,30,33
barbell_20_1,30,34
barbell_20_1,30,35
barbell_20_1,30,36
barbell_20_1,30,37
barbell_20_1,30,38
barbell_20_1,30,39
barbell_20_1,31,32
barbell_20_1,31,33
barbell_20_1,31,34
barbell_20_1,31,35
barbell_20_1,31,36
barbell_20_1,31,37
barbell_20_1,31,38
barbell_20_1,31,39
barbell_20_1,32,33
barbell_20_1,32,34
barbell_20_1,32,35
barbell_20_1,32,36
barbell_20_1,32,37
barbell_20_1,32,38
barbell_20_1,32,39
barbell_20_1,33,34
barbell_20_1,33,35
barbell_20_1,33,36
barbell_20_1,33,37
barbell_20_1,33,38
barbell_20_1,33,39
barbell_20_1,34,35
barbell_20_1,34,36
barbell_20_1,34,37
barbell_20_1,34,38
barbell_20_1,34,39
barbell_20_1,35,36
barbell_20_1,35,37
barbell_20_1,35,38
barbell_20_1,35,39
barbell_20_1,36,37
barbell_20_1,36,38
barbell_20_1,36,39
barbell_20_1,37,38
barbell_20_1,37,39
barbell_20_1,38,39
barbell_20_5,0,1
barbell_20_5,0,2
barbell_20_5,0,3
barbell_20_5,0,4
barbell_20_5,0,5
barbell_20_5,0,6
barbell_20_5,0,7
barbell_20_5,0,8
barbell_20_5,0,9
barbell_20_5,0,10
barbell_20_5,0,11
barbell_20_5,0,12
barbell_20_5,0,13
barbell_20_5,0,14
barbell_20_5,0,15
barbell_20_5,0,16
barbell_20_5,0,17
barbell_20_5,0,18
barbell_20_5,0,19
barbell_20_5,1,2
barbell_20_5,1,3
barbell_20_5,1,4
barbell_20_5,1,5
barbell_20_5,1,6
barbell_20_5,1,7
barbell_20_5,1,8
barbell_20_5,1,9
barbell_20_5,1,10
barbell_20_5,1,11
barbell_20_5,1,12
barbell_20_5,1,13
barbell_20_5,1,14
barbell_20_5,1,15
barbell_20_5,1,16
barbell_20_5,1,17
barbell_20_5,1,18
barbell_20_5,1,19
barbell_20_5,2,3
barbell_20_5,2,4
barbell_20_5,2,5
barbell_20_5,2,6
barbell_20_5,2,7
barbell_20_5,2,8
barbell_20_5,2,9
barbell_20_5,2,10
barbell_20_5,2,11
barbell_20_5,2,12
barbell_20_5,2,13
barbell_20_5,2,14
barbell_20_5,2,15
barbell_20_5,2,16
barbell_20_5,2,17
barbell_20_5,2,18
barbell_20_5,2,19
barbell_20_5,3,4
barbell_20_5,3,5
barbell_20_5,3,6
barbell_20_5,3,7
barbell_20_5,3,8
barbell_20_5,3,9
barbell_20_5,3,10
barbell_20_5,3,11
barbell_20_5,3,12
barbell_20_5,3,13
barbell_20_5,3,14
barbell_20_5,3,15
barbell_20_5,3,16
barbell_20_5,3,17
barbell_20_5,3,18
barbell_20_5,3,19
barbell_20_5,4,5
barbell_20_5,4,6
barbell_20_5,4,7
barbell_20_5,4,8
barbell_20_5,4,9
barbell_20_5,4,10
barbell_20_5,4,11
barbell_20_5,4,12
barbell_20_5,4,13
barbell_20_5,4,14
barbell_20_5,4,15
barbell_20_5,4,16
barbell_20_5,4,17
barbell_20_5,4,18
barbell_20_5,4,19
barbell_20_5,5,6
barbell_20_5,5,7
barbell_20_5,5,8
barbell_20_5,5,9
barbell_20_5,5,10
barbell_20_5,5,11
barbell_20_5,5,12
barbell_20_5,5,13
barbell_20_5,5,14
barbell_20_5,5,15
barbell_20_5,5,16
barbell_20_5,5,17
barbell_20_5,5,18
barbell_20_5,5,19
barbell_20_5,6,7
barbell_20_5,6,8
barbell_20_5,6,9
barbell_20_5,6,10
barbell_20_5,6,11
barbell_20_5,6,12
barbell_20_5,6,13
barbell_20_5,6,14
barbell_20_5,6,15
barbell_20_5,6,16
barbell_20_5,6,17
barbell_20_5,6,18
barbell_20_5,6,19
barbell_20_5,7,8
barbell_20_5,7,9
barbell_20_5,7,10
barbell_20_5,7,11
barbell_20_5,7,12
barbell_20_5,7,13
barbell_20_5,7,14
barbell_20_5,7,15
barbell_20_5,7,16
barbell_20_5,7,17
barbell_20_5,7,18
barbell_20_5,7,19
barbell_20_5,8,9
barbell_20_5,8,10
barbell_20_5,8,11
barbell_20_5,8,12
barbell_20_5,8,13
barbell_20_5,8,14
barbell_20_5,8,15
barbell_20_5,8,16
barbell_20_5,8,17
barbell_20_5,8,18
barbell_20_5,8,19
barbell_20_5,9,10
barbell_20_5,9,11
barbell_20_5,9,12
barbell_20_5,9,13
barbell_20_5,9,14
barbell_20_5,9,15
barbell_20_5,9,16
barbell_20_5,9,17
barbell_20_5,9,18
barbell_20_5,9,19
barbell_20_5,10,11
barbell_20_5,10,12
barbell_20_5,10,13
barbell_20_5,10,14
barbell_20_5,10,15
barbell_20_5,10,16
barbell_20_5,10,17
barbell_20_5,10,18
barbell_20_5,10,19
barbell_20_5,11,12
barbell_20_5,11,13
barbell_20_5,11,14
barbell_20_5,11,15
barbell_20_5,11,16
barbell_20_5,11,17
barbell_20_5,11,18
barbell_20_5,11,19
barbell_20_5,12,13
barbell_20_5,12,14
barbell_20_5,12,15
barbell_20_5,12,16
barbell_20_5,12,17
barbell_20_5,12,18
barbell_20_5,12,19
barbell_20_5,13,14
barbell_20_5,13,15
barbell_20_5,13,16
barbell_20_5,13,17
barbell_20_5,13,18
barbell_20_5,13,19
barbell_20_5,14,15
barbell_20_5,14,16
barbell_20_5,14,17
barbell_20_5,14,18
barbell_20_5,14,19
barbell_20_5,15,16
barbell_20_5,15,17
barbell_20_5,15,18
barbell_20_5,15,19
barbell_20_5,16,17
barbell_20_5,16,18
barbell_20_5,16,19
barbell_20_5,17,18
barbell_20_5,17,19
barbell_20_5,18,19
barbell_20_5,19,20
barbell_20_5,20,21
barbell_20_5,21,22
barbell_20_5,22,23
barbell_20_5,23,24
barbell_20_5,24,25
barbell_20_5,25,26
barbell_20_5,25,27
barbell_20_5,25,28
barbell_20_5,25,29
barbell_20_5,25,30
barbell_20_5,25,31
barbell_20_5,25,32
barbell_20_5,25,33
barbell_20_5,25,34
barbell_20_5,25,35
barbell_20_5,25,36
barbell_20_5,25,37
barbell_20_5,25,38
barbell_20_5,25,39
barbell_20_5,25,40
barbell_20_5,25,41
barbell_20_5,25,42
barbell_20_5,25,43
barbell_20_5,25,44
barbell_20_5,26,27
barbell_20_5,26,28
barbell_20_5,26,29
barbell_20_5,26,30
barbell_20_5,26,31
barbell_20_5,26,32
barbell_20_5,26,33
barbell_20_5,26,34
barbell_20_5,26,35
barbell_20_5,26,36
barbell_20_5,26,37
barbell_20_5,26,38
barbell_20_5,26,39
barbell_20_5,26,40
barbell_20_5,26,41
barbell_20_5,26,42
barbell_20_5,26,43
barbell_20_5,26,44
barbell_20_5,27,28
barbell_20_5,27,29
barbell_20_5,27,30
barbell_20_5,27,31
barbell_20_5,27,32
barbell_20_5,27,33
barbell_20_5,27,34
barbell_20_5,27,35
barbell_20_5,27,36
barbell_20_5,27,37
barbell_20_5,27,38
barbell_20_5,27,39
barbell_20_5,27,40
barbell_20_5,27,41
barbell_20_5,27,42
barbell_20_5,27,43
barbell_20_5,27,44
barbell_20_5,28,29
barbell_20_5,28,30
barbell_20_5,28,31
barbell_20_5,28,32
barbell_20_5,28,33
barbell_20_5,28,34
barbell_20_5,28,35
barbell_20_5,28,36
barbell_20_5,28,37
barbell_20_5,28,38
barbell_20_5,28,39
barbell_20_5,28,40
barbell_20_5,28,41
barbell_20_5,28,42
barbell_20_5,28,43
barbell_20_5,28,44
barbell_20_5,29,30
barbell_20_5,29,31
barbell_20_5,29,32
barbell_20_5,29,33
barbell_20_5,29,34
barbell_20_5,29,35
barbell_20_5,29,36
barbell_20_5,29,37
barbell_20_5,29,38
barbell_20_5,29,39
barbell_20_5,29,40
barbell_20_5,29,41
barbell_20_5,29,42
barbell_20_5,29,43
barbell_20_5,29,44
barbell_20_5,30,31
barbell_20_5,30,32
barbell_20_5,30,33
barbell_20_5,30,34
barbell_20_5,30,35
barbell_20_5,30,36
barbell_20_5,30,37
barbell_20_5,30,38
barbell_20_5,30,39
barbell_20_5,30,40
barbell_20_5,30,41
barbell_20_5,30,42
barbell_20_5,30,43
barbell_20_5,30,44
barbell_20_5,31,32
barbell_20_5,31,33
barbell_20_5,31,34
barbell_20_5,31,35
barbell_20_5,31,36
barbell_20_5,31,37
barbell_20_5,31,38
barbell_20_5,31,39
barbell_20_5,31,40
barbell_20_5,31,41
barbell_20_5,31,42
barbell_20_5,31,43
barbell_20_5,31,44
barbell_20_5,32,33
barbell_20_5,32,34
barbell_20_5,32,35
barbell_20_5,32,36
barbell_20_5,32,37
barbell_20_5,32,38
barbell_20_5,32,39
barbell_20_5,32,40
barbell_20_5,32,41
barbell_20_5,32,42
barbell_20_5,32,43
barbell_20_5,32,44
barbell_20_5,33,34
barbell_20_5,33,35
barbell_20_5,33,36
barbell_20_5,33,37
barbell_20_5,33,38
barbell_20_5,33,39
barbell_20_5,33,40
barbell_20_5,33,41
barbell_20_5,33,42
barbell_20_5,33,43
barbell_20_5,33,44
barbell_20_5,34,35
barbell_20_5,34,36
barbell_20_5,34,37
barbell_20_5,34,38
barbell_20_5,34,39
barbell_20_5,34,40
barbell_20_5,34,41
barbell_20_5,34,42
barbell_20_5,34,43
barbell_20_5,34,44
barbell_20_5,35,36
barbell_20_5,35,37
barbell_20_5,35,38
barbell_20_5,35,39
barbell_20_5,35,40
barbell_20_5,35,41
barbell_20_5,35,42
barbell_20_5,35,43
barbell_20_5,35,44
barbell_20_5,36,37
barbell_20_5,36,38
barbell_20_5,36,39
barbell_20_5,36,40
barbell_20_5,36,41
barbell_20_5,36,42
barbell_20_5,36,43
barbell_20_5,36,44
barbell_20_5,37,38
barbell_20_5,37,39
barbell_20_5,37,40
barbell_20_5,37,41
barbell_20_5,37,42
barbell_20_5,37,43
barbell_20_5,37,44
barbell_20_5,38,39
barbell_20_5,38,40
barbell_20_5,38,41
barbell_20_5,38,42
barbell_20_5,38,43
barbell_20_5,38,44
barbell_20_5,39,40
barbell_20_5,39,41
barbell_20_5,39,42
barbell_20_5,39,43
barbell_20_5,39,44
barbell_20_5,40,41
barbell_20_5,40,42
barbell_20_5,40,43
barbell_20_5,40,44
barbell_20_5,41,42
barbell_20_5,41,43
barbell_20_5,41,44
barbell_20_5,42,43
barbell_20_5,42,44
barbell_20_5,43,44
two_cliques_bridge_n20,0,1
two_cliques_bridge_n20,0,2
two_cliques_bridge_n20,0,3
two_cliques_bridge_n20,0,4
two_cliques_bridge_n20,0,5
two_cliques_bridge_n20,0,6
two_cliques_bridge_n20,0,7
two_cliques_bridge_n20,0,8
two_cliques_bridge_n20,0,9
two_cliques_bridge_n20,0,10
two_cliques_bridge_n20,0,11
two_cliques_bridge_n20,0,12
two_cliques_bridge_n20,0,13
two_cliques_bridge_n20,0,14
two_cliques_bridge_n20,0,15
two_cliques_bridge_n20,0,16
two_cliques_bridge_n20,0,17
two_cliques_bridge_n20,0,18
two_cliques_bridge_n20,0,19
two_cliques_bridge_n20,0,20
two_cliques_bridge_n20,1,2
two_cliques_bridge_n20,1,3
two_cliques_bridge_n20,1,4
two_cliques_bridge_n20,1,5
two_cliques_bridge_n20,1,6
two_cliques_bridge_n20,1,7
two_cliques_bridge_n20,1,8
two_cliques_bridge_n20,1,9
two_cliques_bridge_n20,1,10
two_cliques_bridge_n20,1,11
two_cliques_bridge_n20,1,12
two_cliques_bridge_n20,1,13
two_cliques_bridge_n20,1,14
two_cliques_bridge_n20,1,15
two_cliques_bridge_n20,1,16
two_cliques_bridge_n20,1,17
two_cliques_bridge_n20,1,18
two_cliques_bridge_n20,1,19
two_cliques_bridge_n20,2,3
two_cliques_bridge_n20,2,4
two_cliques_bridge_n20,2,5
two_cliques_bridge_n20,2,6
two_cliques_bridge_n20,2,7
two_cliques_bridge_n20,2,8
two_cliques_bridge_n20,2,9
two_cliques_bridge_n20,2,10
two_cliques_bridge_n20,2,11
two_cliques_bridge_n20,2,12
two_cliques_bridge_n20,2,13
two_cliques_bridge_n20,2,14
two_cliques_bridge_n20,2,15
two_cliques_bridge_n20,2,16
two_cliques_bridge_n20,2,17
two_cliques_bridge_n20,2,18
two_cliques_bridge_n20,2,19
two_cliques_bridge_n20,3,4
two_cliques_bridge_n20,3,5
two_cliques_bridge_n20,3,6
two_cliques_bridge_n20,3,7
two_cliques_bridge_n20,3,8
two_cliques_bridge_n20,3,9
two_cliques_bridge_n20,3,10
two_cliques_bridge_n20,3,11
two_cliques_bridge_n20,3,12
two_cliques_bridge_n20,3,13
two_cliques_bridge_n20,3,14
two_cliques_bridge_n20,3,15
two_cliques_bridge_n20,3,16
two_cliques_bridge_n20,3,17
two_cliques_bridge_n20,3,18
two_cliques_bridge_n20,3,19
two_cliques_bridge_n20,4,5
two_cliques_bridge_n20,4,6
two_cliques_bridge_n20,4,7
two_cliques_bridge_n20,4,8
two_cliques_bridge_n20,4,9
two_cliques_bridge_n20,4,10
two_cliques_bridge_n20,4,11
two_cliques_bridge_n20,4,12
two_cliques_bridge_n20,4,13
two_cliques_bridge_n20,4,14
two_cliques_bridge_n20,4,15
two_cliques_bridge_n20,4,16
two_cliques_bridge_n20,4,17
two_cliques_bridge_n20,4,18
two_cliques_bridge_n20,4,19
two_cliques_bridge_n20,5,6
two_cliques_bridge_n20,5,7
two_cliques_bridge_n20,5,8
two_cliques_bridge_n20,5,9
two_cliques_bridge_n20,5,10
two_cliques_bridge_n20,5,11
two_cliques_bridge_n20,5,12
two_cliques_bridge_n20,5,13
two_cliques_bridge_n20,5,14
two_cliques_bridge_n20,5,15
two_cliques_bridge_n20,5,16
two_cliques_bridge_n20,5,17
two_cliques_bridge_n20,5,18
two_cliques_bridge_n20,5,19
two_cliques_bridge_n20,6,7
two_cliques_bridge_n20,6,8
two_cliques_bridge_n20,6,9
two_cliques_bridge_n20,6,10
two_cliques_bridge_n20,6,11
two_cliques_bridge_n20,6,12
two_cliques_bridge_n20,6,13
two_cliques_bridge_n20,6,14
two_cliques_bridge_n20,6,15
two_cliques_bridge_n20,6,16
two_cliques_bridge_n20,6,17
two_cliques_bridge_n20,6,18
two_cliques_bridge_n20,6,19
two_cliques_bridge_n20,7,8
two_cliques_bridge_n20,7,9
two_cliques_bridge_n20,7,10
two_cliques_bridge_n20,7,11
two_cliques_bridge_n20,7,12
two_cliques_bridge_n20,7,13
two_cliques_bridge_n20,7,14
two_cliques_bridge_n20,7,15
two_cliques_bridge_n20,7,16
two_cliques_bridge_n20,7,17
two_cliques_bridge_n20,7,18
two_cliques_bridge_n20,7,19
two_cliques_bridge_n20,8,9
two_cliques_bridge_n20,8,10
two_cliques_bridge_n20,8,11
two_cliques_bridge_n20,8,12
two_cliques_bridge_n20,8,13
two_cliques_bridge_n20,8,14
two_cliques_bridge_n20,8,15
two_cliques_bridge_n20,8,16
two_cliques_bridge_n20,8,17
two_cliques_bridge_n20,8,18
two_cliques_bridge_n20,8,19
two_cliques_bridge_n20,9,10
two_cliques_bridge_n20,9,11
two_cliques_bridge_n20,9,12
two_cliques_bridge_n20,9,13
two_cliques_bridge_n20,9,14
two_cliques_bridge_n20,9,15
two_cliques_bridge_n20,9,16
two_cliques_bridge_n20,9,17
two_cliques_bridge_n20,9,18
two_cliques_bridge_n20,9,19
two_cliques_bridge_n20,10,11
two_cliques_bridge_n20,10,12
two_cliques_bridge_n20,10,13
two_cliques_bridge_n20,10,14
two_cliques_bridge_n20,10,15
two_cliques_bridge_n20,10,16
two_cliques_bridge_n20,10,17
two_cliques_bridge_n20,10,18
two_cliques_bridge_n20,10,19
two_cliques_bridge_n20,11,12
two_cliques_bridge_n20,11,13
two_cliques_bridge_n20,11,14
two_cliques_bridge_n20,11,15
two_cliques_bridge_n20,11,16
two_cliques_bridge_n20,11,17
two_cliques_bridge_n20,11,18
two_cliques_bridge_n20,11,19
two_cliques_bridge_n20,12,13
two_cliques_bridge_n20,12,14
two_cliques_bridge_n20,12,15
two_cliques_bridge_n20,12,16
two_cliques_bridge_n20,12,17
two_cliques_bridge_n20,12,18
two_cliques_bridge_n20,12,19
two_cliques_bridge_n20,13,14
two_cliques_bridge_n20,13,15
two_cliques_bridge_n20,13,16
two_cliques_bridge_n20,13,17
two_cliques_bridge_n20,13,18
two_cliques_bridge_n20,13,19
two_cliques_bridge_n20,14,15
two_cliques_bridge_n20,14,16
two_cliques_bridge_n20,14,17
two_cliques_bridge_n20,14,18
two_cliques_bridge_n20,14,19
two_cliques_bridge_n20,15,16
two_cliques_bridge_n20,15,17
two_cliques_bridge_n20,15,18
two_cliques_bridge_n20,15,19
two_cliques_bridge_n20,16,17
two_cliques_bridge_n20,16,18
two_cliques_bridge_n20,16,19
two_cliques_bridge_n20,17,18
two_cliques_bridge_n20,17,19
two_cliques_bridge_n20,18,19
two_cliques_bridge_n20,20,21
two_cliques_bridge_n20,20,22
two_cliques_bridge_n20,20,23
two_cliques_bridge_n20,20,24
two_cliques_bridge_n20,20,25
two_cliques_bridge_n20,20,26
two_cliques_bridge_n20,20,27
two_cliques_bridge_n20,20,28
two_cliques_bridge_n20,20,29
two_cliques_bridge_n20,20,30
two_cliques_bridge_n20,20,31
two_cliques_bridge_n20,20,32
two_cliques_bridge_n20,20,33
two_cliques_bridge_n20,20,34
two_cliques_bridge_n20,20,35
two_cliques_bridge_n20,20,36
two_cliques_bridge_n20,20,37
two_cliques_bridge_n20,20,38
two_cliques_bridge_n20,20,39
two_cliques_bridge_n20,21,22
two_cliques_bridge_n20,21,23
two_cliques_bridge_n20,21,24
two_cliques_bridge_n20,21,25
two_cliques_bridge_n20,21,26
two_cliques_bridge_n20,21,27
two_cliques_bridge_n20,21,28
two_cliques_bridge_n20,21,29
two_cliques_bridge_n20,21,30
two_cliques_bridge_n20,21,31
two_cliques_bridge_n20,21,32
two_cliques_bridge_n20,21,33
two_cliques_bridge_n20,21,34
two_cliques_bridge_n20,21,35
two_cliques_bridge_n20,21,36
two_cliques_bridge_n20,21,37
two_cliques_bridge_n20,21,38
two_cliques_bridge_n20,21,39
two_cliques_bridge_n20,22,23
two_cliques_bridge_n20,22,24
two_cliques_bridge_n20,22,25
two_cliques_bridge_n20,22,26
two_cliques_bridge_n20,22,27
two_cliques_bridge_n20,22,28
two_cliques_bridge_n20,22,29
two_cliques_bridge_n20,22,30
two_cliques_bridge_n20,22,31
two_cliques_bridge_n20,22,32
two_cliques_bridge_n20,22,33
two_cliques_bridge_n20,22,34
two_cliques_bridge_n20,22,35
two_cliques_bridge_n20,22,36
two_cliques_bridge_n20,22,37
two_cliques_bridge_n20,22,38
two_cliques_bridge_n20,22,39
two_cliques_bridge_n20,23,24
two_cliques_bridge_n20,23,25
two_cliques_bridge_n20,23,26
two_cliques_bridge_n20,23,27
two_cliques_bridge_n20,23,28
two_cliques_bridge_n20,23,29
two_cliques_bridge_n20,23,30
two_cliques_bridge_n20,23,31
two_cliques_bridge_n20,23,32
two_cliques_bridge_n20,23,33
two_cliques_bridge_n20,23,34
two_cliques_bridge_n20,23,35
two_cliques_bridge_n20,23,36
two_cliques_bridge_n20,23,37
two_cliques_bridge_n20,23,38
two_cliques_bridge_n20,23,39
two_cliques_bridge_n20,24,25
two_cliques_bridge_n20,24,26
two_cliques_bridge_n20,24,27
two_cliques_bridge_n20,24,28
two_cliques_bridge_n20,24,29
two_cliques_bridge_n20,24,30
two_cliques_bridge_n20,24,31
two_cliques_bridge_n20,24,32
two_cliques_bridge_n20,24,33
two_cliques_bridge_n20,24,34
two_cliques_bridge_n20,24,35
two_cliques_bridge_n20,24,36
two_cliques_bridge_n20,24,37
two_cliques_bridge_n20,24,38
two_cliques_bridge_n20,24,39
two_cliques_bridge_n20,25,26
two_cliques_bridge_n20,25,27
two_cliques_bridge_n20,25,28
two_cliques_bridge_n20,25,29
two_cliques_bridge_n20,25,30
two_cliques_bridge_n20,25,31
two_cliques_bridge_n20,25,32
two_cliques_bridge_n20,25,33
two_cliques_bridge_n20,25,34
two_cliques_bridge_n20,25,35
two_cliques_bridge_n20,25,36
two_cliques_bridge_n20,25,37
two_cliques_bridge_n20,25,38
two_cliques_bridge_n20,25,39
two_cliques_bridge_n20,26,27
two_cliques_bridge_n20,26,28
two_cliques_bridge_n20,26,29
two_cliques_bridge_n20,26,30
two_cliques_bridge_n20,26,31
two_cliques_bridge_n20,26,32
two_cliques_bridge_n20,26,33
two_cliques_bridge_n20,26,34
two_cliques_bridge_n20,26,35
two_cliques_bridge_n20,26,36
two_cliques_bridge_n20,26,37
two_cliques_bridge_n20,26,38
two_cliques_bridge_n20,26,39
two_cliques_bridge_n20,27,28
two_cliques_bridge_n20,27,29
two_cliques_bridge_n20,27,30
two_cliques_bridge_n20,27,31
two_cliques_bridge_n20,27,32
two_cliques_bridge_n20,27,33
two_cliques_bridge_n20,27,34
two_cliques_bridge_n20,27,35
two_cliques_bridge_n20,27,36
two_cliques_bridge_n20,27,37
two_cliques_bridge_n20,27,38
two_cliques_bridge_n20,27,39
two_cliques_bridge_n20,28,29
two_cliques_bridge_n20,28,30
two_cliques_bridge_n20,28,31
two_cliques_bridge_n20,28,32
two_cliques_bridge_n20,28,33
two_cliques_bridge_n20,28,34
two_cliques_bridge_n20,28,35
two_cliques_bridge_n20,28,36
two_cliques_bridge_n20,28,37
two_cliques_bridge_n20,28,38
two_cliques_bridge_n20,28,39
two_cliques_bridge_n20,29,30
two_cliques_bridge_n20,29,31
two_cliques_bridge_n20,29,32
two_cliques_bridge_n20,29,33
two_cliques_bridge_n20,29,34
two_cliques_bridge_n20,29,35
two_cliques_bridge_n20,29,36
two_cliques_bridge_n20,29,37
two_cliques_bridge_n20,29,38
two_cliques_bridge_n20,29,39
two_cliques_bridge_n20,30,31
two_cliques_bridge_n20,30,32
two_cliques_bridge_n20,30,33
two_cliques_bridge_n20,30,34
two_cliques_bridge_n20,30,35
two_cliques_bridge_n20,30,36
two_cliques_bridge_n20,30,37
two_cliques_bridge_n20,30,38
two_cliques_bridge_n20,30,39
two_cliques_bridge_n20,31,32
two_cliques_bridge_n20,31,33
two_cliques_bridge_n20,31,34
two_cliques_bridge_n20,31,35
two_cliques_bridge_n20,31,36
two_cliques_bridge_n20,31,37
two_cliques_bridge_n20,31,38
two_cliques_bridge_n20,31,39
two_cliques_bridge_n20,32,33
two_cliques_bridge_n20,32,34
two_cliques_bridge_n20,32,35
two_cliques_bridge_n20,32,36
two_cliques_bridge_n20,32,37
two_cliques_bridge_n20,32,38
two_cliques_bridge_n20,32,39
two_cliques_bridge_n20,33,34
two_cliques_bridge_n20,33,35
two_cliques_bridge_n20,33,36
two_cliques_bridge_n20,33,37
two_cliques_bridge_n20,33,38
two_cliques_bridge_n20,33,39
two_cliques_bridge_n20,34,35
two_cliques_bridge_n20,34,36
two_cliques_bridge_n20,34,37
two_cliques_bridge_n20,34,38
two_cliques_bridge_n20,34,39
two_cliques_bridge_n20,35,36
two_cliques_bridge_n20,35,37
two_cliques_bridge_n20,35,38
two_cliques_bridge_n20,35,39
two_cliques_bridge_n20,36,37
two_cliques_bridge_n20,36,38
two_cliques_bridge_n20,36,39
two_cliques_bridge_n20,37,38
two_cliques_bridge_n20,37,39
two_cliques_bridge_n20,38,39
path_n40,0,1
path_n40,1,2
path_n40,2,3
path_n40,3,4
path_n40,4,5
path_n40,5,6
path_n40,6,7
path_n40,7,8
path_n40,8,9
path_n40,9,10
path_n40,10,11
path_n40,11,12
path_n40,12,13
path_n40,13,14
path_n40,14,15
path_n40,15,16
path_n40,16,17
path_n40,17,18
path_n40,18,19
path_n40,19,20
path_n40,20,21
path_n40,21,22
path_n40,22,23
path_n40,23,24
path_n40,24,25
path_n40,25,26
path_n40,26,27
path_n40,27,28
path_n40,28,29
path_n40,29,30
path_n40,30,31
path_n40,31,32
path_n40,32,33
path_n40,33,34
path_n40,34,35
path_n40,35,36
path_n40,36,37
path_n40,37,38
path_n40,38,39
lollipop_20_20,0,1
lollipop_20_20,0,2
lollipop_20_20,0,3
lollipop_20_20,0,4
lollipop_20_20,0,5
lollipop_20_20,0,6
lollipop_20_20,0,7
lollipop_20_20,0,8
lollipop_20_20,0,9
lollipop_20_20,0,10
lollipop_20_20,0,11
lollipop_20_20,0,12
lollipop_20_20,0,13
lollipop_20_20,0,14
lollipop_20_20,0,15
lollipop_20_20,0,16
lollipop_20_20,0,17
lollipop_20_20,0,18
lollipop_20_20,0,19
lollipop_20_20,1,2
lollipop_20_20,1,3
lollipop_20_20,1,4
lollipop_20_20,1,5
lollipop_20_20,1,6
lollipop_20_20,1,7
lollipop_20_20,1,8
lollipop_20_20,1,9
lollipop_20_20,1,10
lollipop_20_20,1,11
lollipop_20_20,1,12
lollipop_20_20,1,13
lollipop_20_20,1,14
lollipop_20_20,1,15
lollipop_20_20,1,16
lollipop_20_20,1,17
lollipop_20_20,1,18
lollipop_20_20,1,19
lollipop_20_20,2,3
lollipop_20_20,2,4
lollipop_20_20,2,5
lollipop_20_20,2,6
lollipop_20_20,2,7
lollipop_20_20,2,8
lollipop_20_20,2,9
lollipop_20_20,2,10
lollipop_20_20,2,11
lollipop_20_20,2,12
lollipop_20_20,2,13
lollipop_20_20,2,14
lollipop_20_20,2,15
lollipop_20_20,2,16
lollipop_20_20,2,17
lollipop_20_20,2,18
lollipop_20_20,2,19
lollipop_20_20,3,4
lollipop_20_20,3,5
lollipop_20_20,3,6
lollipop_20_20,3,7
lollipop_20_20,3,8
lollipop_20_20,3,9
lollipop_20_20,3,10
lollipop_20_20,3,11
lollipop_20_20,3,12
lollipop_20_20,3,13
lollipop_20_20,3,14
lollipop_20_20,3,15
lollipop_20_20,3,16
lollipop_20_20,3,17
lollipop_20_20,3,18
lollipop_20_20,3,19
lollipop_20_20,4,5
lollipop_20_20,4,6
lollipop_20_20,4,7
lollipop_20_20,4,8
lollipop_20_20,4,9
lollipop_20_20,4,10
lollipop_20_20,4,11
lollipop_20_20,4,12
lollipop_20_20,4,13
lollipop_20_20,4,14
lollipop_20_20,4,15
lollipop_20_20,4,16
lollipop_20_20,4,17
lollipop_20_20,4,18
lollipop_20_20,4,19
lollipop_20_20,5,6
lollipop_20_20,5,7
lollipop_20_20,5,8
lollipop_20_20,5,9
lollipop_20_20,5,10
lollipop_20_20,5,11
lollipop_20_20,5,12
lollipop_20_20,5,13
lollipop_20_20,5,14
lollipop_20_20,5,15
lollipop_20_20,5,16
lollipop_20_20,5,17
lollipop_20_20,5,18
lollipop_20_20,5,19
lollipop_20_20,6,7
lollipop_20_20,6,8
lollipop_20_20,6,9
lollipop_20_20,6,10
lollipop_20_20,6,11
lollipop_20_20,6,12
lollipop_20_20,6,13
lollipop_20_20,6,14
lollipop_20_20,6,15
lollipop_20_20,6,16
lollipop_20_20,6,17
lollipop_20_20,6,18
lollipop_20_20,6,19
lollipop_20_20,7,8
lollipop_20_20,7,9
lollipop_20_20,7,10
lollipop_20_20,7,11
lollipop_20_20,7,12
lollipop_20_20,7,13
lollipop_20_20,7,14
lollipop_20_20,7,15
lollipop_20_20,7,16
lollipop_20_20,7,17
lollipop_20_20,7,18
lollipop_20_20,7,19
lollipop_20_20,8,9
lollipop_20_20,8,10
lollipop_20_20,8,11
lollipop_20_20,8,12
lollipop_20_20,8,13
lollipop_20_20,8,14
lollipop_20_20,8,15
lollipop_20_20,8,16
lollipop_20_20,8,17
lollipop_20_20,8,18
lollipop_20_20,8,19
lollipop_20_20,9,10
lollipop_20_20,9,11
lollipop_20_20,9,12
lollipop_20_20,9,13
lollipop_20_20,9,14
lollipop_20_20,9,15
lollipop_20_20,9,16
lollipop_20_20,9,17
lollipop_20_20,9,18
lollipop_20_20,9,19
lollipop_20_20,10,11
lollipop_20_20,10,12
lollipop_20_20,10,13
lollipop_20_20,10,14
lollipop_20_20,10,15
lollipop_20_20,10,16
lollipop_20_20,10,17
lollipop_20_20,10,18
lollipop_20_20,10,19
lollipop_20_20,11,12
lollipop_20_20,11,13
lollipop_20_20,11,14
lollipop_20_20,11,15
lollipop_20_20,11,16
lollipop_20_20,11,17
lollipop_20_20,11,18
lollipop_20_20,11,19
lollipop_20_20,12,13
lollipop_20_20,12,14
lollipop_20_20,12,15
lollipop_20_20,12,16
lollipop_20_20,12,17
lollipop_20_20,12,18
lollipop_20_20,12,19
lollipop_20_20,13,14
lollipop_20_20,13,15
lollipop_20_20,13,16
lollipop_20_20,13,17
lollipop_20_20,13,18
lollipop_20_20,13,19
lollipop_20_20,14,15
lollipop_20_20,14,16
lollipop_20_20,14,17
lollipop_20_20,14,18
lollipop_20_20,14,19
lollipop_20_20,15,16
lollipop_20_20,15,17
lollipop_20_20,15,18
lollipop_20_20,15,19
lollipop_20_20,16,17
lollipop_20_20,16,18
lollipop_20_20,16,19
lollipop_20_20,17,18
lollipop_20_20,17,19
lollipop_20_20,18,19
lollipop_20_20,19,20
lollipop_20_20,20,21
lollipop_20_20,21,22
lollipop_20_20,22,23
lollipop_20_20,23,24
lollipop_20_20,24,25
lollipop_20_20,25,26
lollipop_20_20,26,27
lollipop_20_20,27,28
lollipop_20_20,28,29
lollipop_20_20,29,30
lollipop_20_20,30,31
lollipop_20_20,31,32
lollipop_20_20,32,33
lollipop_20_20,33,34
lollipop_20_20,34,35
lollipop_20_20,35,36
lollipop_20_20,36,37
lollipop_20_20,37,38
lollipop_20_20,38,39
sbm_2blocks_n40,0,3
sbm_2blocks_n40,0,4
sbm_2blocks_n40,0,6
sbm_2blocks_n40,0,8
sbm_2blocks_n40,0,9
sbm_2blocks_n40,0,13
sbm_2blocks_n40,0,16
sbm_2blocks_n40,1,3
sbm_2blocks_n40,1,7
sbm_2blocks_n40,1,8
sbm_2blocks_n40,1,9
sbm_2blocks_n40,1,13
sbm_2blocks_n40,1,15
sbm_2blocks_n40,1,18
sbm_2blocks_n40,2,3
sbm_2blocks_n40,2,6
sbm_2blocks_n40,2,7
sbm_2blocks_n40,2,9
sbm_2blocks_n40,2,10
sbm_2blocks_n40,2,12
sbm_2blocks_n40,2,14
sbm_2blocks_n40,2,17
sbm_2blocks_n40,2,18
sbm_2blocks_n40,2,19
sbm_2blocks_n40,3,6
sbm_2blocks_n40,3,15
sbm_2blocks_n40,3,17
sbm_2blocks_n40,3,19
sbm_2blocks_n40,4,5
sbm_2blocks_n40,4,6
sbm_2blocks_n40,4,9
sbm_2blocks_n40,4,10
sbm_2blocks_n40,4,18
sbm_2blocks_n40,5,6
sbm_2blocks_n40,5,13
sbm_2blocks_n40,5,18
sbm_2blocks_n40,6,7
sbm_2blocks_n40,6,10
sbm_2blocks_n40,6,12
sbm_2blocks_n40,6,13
sbm_2blocks_n40,6,15
sbm_2blocks_n40,6,17
sbm_2blocks_n40,6,18
sbm_2blocks_n40,7,8
sbm_2blocks_n40,7,13
sbm_2blocks_n40,7,17
sbm_2blocks_n40,7,18
sbm_2blocks_n40,8,9
sbm_2blocks_n40,8,10
sbm_2blocks_n40,8,12
sbm_2blocks_n40,8,13
sbm_2blocks_n40,8,14
sbm_2blocks_n40,8,17
sbm_2blocks_n40,8,18
sbm_2blocks_n40,8,19
sbm_2blocks_n40,9,10
sbm_2blocks_n40,9,11
sbm_2blocks_n40,9,13
sbm_2blocks_n40,9,14
sbm_2blocks_n40,9,16
sbm_2blocks_n40,9,17
sbm_2blocks_n40,9,19
sbm_2blocks_n40,9,33
sbm_2blocks_n40,10,11
sbm_2blocks_n40,10,15
sbm_2blocks_n40,10,18
sbm_2blocks_n40,11,13
sbm_2blocks_n40,11,14
sbm_2blocks_n40,11,16
sbm_2blocks_n40,11,17
sbm_2blocks_n40,11,18
sbm_2blocks_n40,11,19
sbm_2blocks_n40,11,20
sbm_2blocks_n40,12,15
sbm_2blocks_n40,12,16
sbm_2blocks_n40,12,18
sbm_2blocks_n40,13,14
sbm_2blocks_n40,13,16
sbm_2blocks_n40,13,17
sbm_2blocks_n40,13,18
sbm_2blocks_n40,13,19
sbm_2blocks_n40,14,16
sbm_2blocks_n40,14,17
sbm_2blocks_n40,14,18
sbm_2blocks_n40,15,19
sbm_2blocks_n40,16,17
sbm_2blocks_n40,16,19
sbm_2blocks_n40,16,33
sbm_2blocks_n40,17,18
sbm_2blocks_n40,17,19
sbm_2blocks_n40,18,19
sbm_2blocks_n40,20,21
sbm_2blocks_n40,20,23
sbm_2blocks_n40,20,25
sbm_2blocks_n40,20,26
sbm_2blocks_n40,20,27
sbm_2blocks_n40,20,28
sbm_2blocks_n40,20,30
sbm_2blocks_n40,20,34
sbm_2blocks_n40,20,35
sbm_2blocks_n40,20,36
sbm_2blocks_n40,21,22
sbm_2blocks_n40,21,25
sbm_2blocks_n40,21,28
sbm_2blocks_n40,21,30
sbm_2blocks_n40,21,31
sbm_2blocks_n40,21,33
sbm_2blocks_n40,21,36
sbm_2blocks_n40,21,37
sbm_2blocks_n40,22,23
sbm_2blocks_n40,22,25
sbm_2blocks_n40,22,27
sbm_2blocks_n40,22,28
sbm_2blocks_n40,22,29
sbm_2blocks_n40,22,30
sbm_2blocks_n40,22,33
sbm_2blocks_n40,22,36
sbm_2blocks_n40,22,38
sbm_2blocks_n40,22,39
sbm_2blocks_n40,23,24
sbm_2blocks_n40,23,30
sbm_2blocks_n40,23,37
sbm_2blocks_n40,23,39
sbm_2blocks_n40,24,26
sbm_2blocks_n40,24,27
sbm_2blocks_n40,24,28
sbm_2blocks_n40,24,31
sbm_2blocks_n40,24,33
sbm_2blocks_n40,24,34
sbm_2blocks_n40,24,36
sbm_2blocks_n40,24,37
sbm_2blocks_n40,24,39
sbm_2blocks_n40,25,26
sbm_2blocks_n40,25,27
sbm_2blocks_n40,25,28
sbm_2blocks_n40,25,29
sbm_2blocks_n40,25,31
sbm_2blocks_n40,25,32
sbm_2blocks_n40,25,33
sbm_2blocks_n40,25,34
sbm_2blocks_n40,25,35
sbm_2blocks_n40,25,37
sbm_2blocks_n40,26,27
sbm_2blocks_n40,26,28
sbm_2blocks_n40,26,30
sbm_2blocks_n40,26,31
sbm_2blocks_n40,26,36
sbm_2blocks_n40,26,39
sbm_2blocks_n40,27,28
sbm_2blocks_n40,27,30
sbm_2blocks_n40,27,31
sbm_2blocks_n40,27,32
sbm_2blocks_n40,27,34
sbm_2blocks_n40,27,35
sbm_2blocks_n40,27,38
sbm_2blocks_n40,27,39
sbm_2blocks_n40,28,30
sbm_2blocks_n40,28,32
sbm_2blocks_n40,28,33
sbm_2blocks_n40,28,34
sbm_2blocks_n40,28,38
sbm_2blocks_n40,29,30
sbm_2blocks_n40,29,31
sbm_2blocks_n40,29,32
sbm_2blocks_n40,29,33
sbm_2blocks_n40,29,35
sbm_2blocks_n40,29,36
sbm_2blocks_n40,29,37
sbm_2blocks_n40,29,38
sbm_2blocks_n40,30,31
sbm_2blocks_n40,30,34
sbm_2blocks_n40,30,35
sbm_2blocks_n40,30,38
sbm_2blocks_n40,31,32
sbm_2blocks_n40,31,33
sbm_2blocks_n40,31,34
sbm_2blocks_n40,31,36
sbm_2blocks_n40,31,38
sbm_2blocks_n40,31,39
sbm_2blocks_n40,32,36
sbm_2blocks_n40,32,37
sbm_2blocks_n40,32,38
sbm_2blocks_n40,33,38
sbm_2blocks_n40,33,39
sbm_2blocks_n40,34,36
sbm_2blocks_n40,34,37
sbm_2blocks_n40,34,38
sbm_2blocks_n40,34,39
sbm_2blocks_n40,35,37
sbm_2blocks_n40,35,38
sbm_2blocks_n40,35,39
