algorithm,graph_name,n,m,trial,decision,expected,correct,runtime_s,ell,walks_per_source_log10,signal,extra
BTT,reg4_n20,20,40,0,ACCEPT,ACCEPT,True,0.18327258400000002,1066,1.2041199826559248,0.0,reg4
FV,reg4_n20,20,40,0,ACCEPT,ACCEPT,True,0.75176425,1332,52.04119982655925,4.81482486096809e-34,reg4
BTT,reg4_n20,20,40,1,ACCEPT,ACCEPT,True,0.173773583,1066,1.2041199826559248,0.0,reg4
FV,reg4_n20,20,40,1,ACCEPT,ACCEPT,True,0.7419991250000002,1332,52.04119982655925,4.81482486096809e-34,reg4
BTT,reg4_n20,20,40,2,ACCEPT,ACCEPT,True,0.17209783400000012,1066,1.2041199826559248,0.0,reg4
FV,reg4_n20,20,40,2,ACCEPT,ACCEPT,True,0.7305577090000002,1332,52.04119982655925,4.81482486096809e-34,reg4
BTT,reg4_n20,20,40,3,ACCEPT,ACCEPT,True,0.17083791700000006,1066,1.2041199826559248,0.0,reg4
FV,reg4_n20,20,40,3,ACCEPT,ACCEPT,True,0.7347687499999997,1332,52.04119982655925,4.81482486096809e-34,reg4
BTT,reg4_n20,20,40,4,ACCEPT,ACCEPT,True,0.17285391600000022,1066,1.2041199826559248,0.0,reg4
FV,reg4_n20,20,40,4,ACCEPT,ACCEPT,True,0.8759253329999996,1332,52.04119982655925,4.81482486096809e-34,reg4
BTT,reg4_n40,40,80,0,ACCEPT,ACCEPT,True,0.860895792,1312,1.806179973983887,0.0,reg4
FV,reg4_n40,40,80,0,ACCEPT,ACCEPT,True,1.850813916,1640,64.0823996531185,2.6481536735324493e-34,reg4
BTT,reg4_n40,40,80,1,ACCEPT,ACCEPT,True,0.6923933749999991,1312,1.806179973983887,0.0,reg4
FV,reg4_n40,40,80,1,ACCEPT,ACCEPT,True,1.836742000000001,1640,64.0823996531185,2.2870418089598426e-34,reg4
BTT,reg4_n40,40,80,2,REJECT,ACCEPT,False,0.6942463329999988,1312,1.806179973983887,0.0,reg4
FV,reg4_n40,40,80,2,ACCEPT,ACCEPT,True,1.8367742079999996,1640,64.0823996531185,2.527783052008247e-34,reg4
BTT,reg4_n40,40,80,3,REJECT,ACCEPT,False,0.7214342499999997,1312,1.806179973983887,0.0,reg4
FV,reg4_n40,40,80,3,ACCEPT,ACCEPT,True,1.979022500000001,1640,64.0823996531185,2.6481536735324493e-34,reg4
BTT,reg4_n40,40,80,4,ACCEPT,ACCEPT,True,0.6908188750000015,1312,1.806179973983887,0.0,reg4
FV,reg4_n40,40,80,4,ACCEPT,ACCEPT,True,1.8155195830000004,1640,64.0823996531185,2.407412430484045e-34,reg4
BTT,reg4_n80,80,160,0,ACCEPT,ACCEPT,True,2.9196065420000004,1559,2.4082399653118496,0.0,reg4
FV,reg4_n80,80,160,0,ACCEPT,ACCEPT,True,4.446015666000001,1948,76.12359947967775,1.0532429383367696e-34,reg4
BTT,reg4_n80,80,160,1,ACCEPT,ACCEPT,True,2.6940982919999996,1559,2.4082399653118496,0.0,reg4
FV,reg4_n80,80,160,1,ACCEPT,ACCEPT,True,4.405670459000003,1948,76.12359947967775,1.023150282955719e-34,reg4
BTT,reg4_n80,80,160,2,ACCEPT,ACCEPT,True,2.708583875000002,1559,2.4082399653118496,0.0,reg4
FV,reg4_n80,80,160,2,ACCEPT,ACCEPT,True,4.4365801670000025,1948,76.12359947967775,1.0532429383367696e-34,reg4
BTT,reg4_n80,80,160,3,ACCEPT,ACCEPT,True,2.7111711659999997,1559,2.4082399653118496,0.0,reg4
FV,reg4_n80,80,160,3,ACCEPT,ACCEPT,True,5.723168124999994,1948,76.12359947967775,1.023150282955719e-34,reg4
BTT,reg4_n80,80,160,4,ACCEPT,ACCEPT,True,2.7510492919999976,1559,2.4082399653118496,0.0,reg4
FV,reg4_n80,80,160,4,ACCEPT,ACCEPT,True,4.358219042000002,1948,76.12359947967775,1.023150282955719e-34,reg4
BTT,reg4_n160,160,320,0,ACCEPT,ACCEPT,True,10.717010250000008,1805,3.010299956639812,0.0,reg4
FV,reg4_n160,160,320,0,ACCEPT,ACCEPT,True,10.22451641699999,2256,88.16479930623699,6.770847460736376e-35,reg4
BTT,reg4_n160,160,320,1,ACCEPT,ACCEPT,True,10.752454874999998,1805,3.010299956639812,0.0,reg4
FV,reg4_n160,160,320,1,ACCEPT,ACCEPT,True,10.778783333999996,2256,88.16479930623699,6.770847460736376e-35,reg4
BTT,reg4_n160,160,320,2,REJECT,ACCEPT,False,10.32367220799999,1805,3.010299956639812,0.0,reg4
FV,reg4_n160,160,320,2,ACCEPT,ACCEPT,True,10.050188750000004,2256,88.16479930623699,6.69561582228375e-35,reg4
BTT,reg4_n160,160,320,3,ACCEPT,ACCEPT,True,10.386445874999993,1805,3.010299956639812,0.0,reg4
FV,reg4_n160,160,320,3,ACCEPT,ACCEPT,True,10.10975074999999,2256,88.16479930623699,6.69561582228375e-35,reg4
BTT,reg4_n160,160,320,4,ACCEPT,ACCEPT,True,10.440705125000022,1805,3.010299956639812,0.0,reg4
FV,reg4_n160,160,320,4,ACCEPT,ACCEPT,True,10.153847083000016,2256,88.16479930623699,6.921310737641629e-35,reg4
FV,reg4_n320,320,640,0,ACCEPT,ACCEPT,True,24.183742499999994,2564,100.20599913279624,3.3101920919155616e-35,reg4
FV,reg4_n320,320,640,1,ACCEPT,ACCEPT,True,23.206619915999994,2564,100.20599913279624,3.385423730368188e-35,reg4
FV,reg4_n320,320,640,2,ACCEPT,ACCEPT,True,23.097258084000003,2564,100.20599913279624,2.9340338996524296e-35,reg4
FV,reg4_n320,320,640,3,ACCEPT,ACCEPT,True,23.887022416000008,2564,100.20599913279624,3.3101920919155616e-35,reg4
FV,reg4_n320,320,640,4,ACCEPT,ACCEPT,True,23.197817208000004,2564,100.20599913279624,3.441847459207658e-35,reg4
BTT,barbell_n21,21,92,0,ACCEPT,REJECT,False,0.7160770419999949,1083,1.9242792860618816,0.0,barbell
FV,barbell_n21,21,92,0,REJECT,REJECT,True,1.5812005829999976,1354,52.888771789356774,5.724069081711237e-08,barbell
BTT,barbell_n21,21,92,1,ACCEPT,REJECT,False,0.6012123749999887,1083,1.9242792860618816,0.0,barbell
FV,barbell_n21,21,92,1,REJECT,REJECT,True,1.5265781670000251,1354,52.888771789356774,5.724069081711237e-08,barbell
BTT,barbell_n21,21,92,2,ACCEPT,REJECT,False,0.588445041,1083,1.9242792860618816,0.0,barbell
FV,barbell_n21,21,92,2,REJECT,REJECT,True,1.5336350839999682,1354,52.888771789356774,5.724069081711237e-08,barbell
BTT,barbell_n21,21,92,3,ACCEPT,REJECT,False,0.5794384170000058,1083,1.9242792860618816,0.0,barbell
FV,barbell_n21,21,92,3,REJECT,REJECT,True,1.5196344170000202,1354,52.888771789356774,5.724069081711237e-08,barbell
BTT,barbell_n21,21,92,4,ACCEPT,REJECT,False,0.5837679169999888,1083,1.9242792860618816,0.0,barbell
FV,barbell_n21,21,92,4,REJECT,REJECT,True,1.5265640829999825,1354,52.888771789356774,5.7240690817013746e-08,barbell
BTT,barbell_n41,41,382,0,ACCEPT,REJECT,False,9.126082125000039,1321,3.1640552918934515,0.0,barbell
FV,barbell_n41,41,382,0,REJECT,REJECT,True,7.193138874999988,1651,64.51135426878942,0.00040000056876719287,barbell
BTT,barbell_n41,41,382,1,ACCEPT,REJECT,False,9.073552082999981,1321,3.1640552918934515,0.0,barbell
FV,barbell_n41,41,382,1,REJECT,REJECT,True,7.223916958000018,1651,64.51135426878942,0.00040000056876719287,barbell
BTT,barbell_n41,41,382,2,ACCEPT,REJECT,False,10.244226208999976,1321,3.1640552918934515,0.0,barbell
FV,barbell_n41,41,382,2,REJECT,REJECT,True,7.372136291999993,1651,64.51135426878942,0.00040000056876719287,barbell
BTT,barbell_n41,41,382,3,ACCEPT,REJECT,False,9.872791708000022,1321,3.1640552918934515,0.0,barbell
FV,barbell_n41,41,382,3,REJECT,REJECT,True,7.236089833000051,1651,64.51135426878942,0.00040000056876719287,barbell
BTT,barbell_n41,41,382,4,ACCEPT,REJECT,False,9.269998584000007,1321,3.1640552918934515,0.0,barbell
FV,barbell_n41,41,382,4,REJECT,REJECT,True,7.343970624999997,1651,64.51135426878942,0.00040000056876719287,barbell
BTT,barbell_n81,81,1562,0,ACCEPT,REJECT,False,205.08894587500004,1563,4.387354226971366,0.0,barbell
FV,barbell_n81,81,1562,0,REJECT,REJECT,True,36.26779104100001,1954,76.33940075514599,0.003686815447977641,barbell
BTT,barbell_n81,81,1562,1,ACCEPT,REJECT,False,190.20276187499996,1563,4.387354226971366,0.0,barbell
FV,barbell_n81,81,1562,1,REJECT,REJECT,True,36.89968245900002,1954,76.33940075514599,0.003686815447977641,barbell
BTT,barbell_n81,81,1562,2,ACCEPT,REJECT,False,181.30005508299996,1563,4.387354226971366,0.0,barbell
FV,barbell_n81,81,1562,2,REJECT,REJECT,True,35.5647889170001,1954,76.33940075514599,0.003686815447977641,barbell
BTT,barbell_n81,81,1562,3,REJECT,REJECT,True,182.04050612499987,1563,4.387354226971366,0.0,barbell
FV,barbell_n81,81,1562,3,REJECT,REJECT,True,35.375977208999984,1954,76.33940075514599,0.003686815447977641,barbell
BTT,barbell_n81,81,1562,4,ACCEPT,REJECT,False,181.825922667,1563,4.387354226971366,0.0,barbell
FV,barbell_n81,81,1562,4,REJECT,REJECT,True,35.75781254100002,1954,76.33940075514599,0.003686815447977641,barbell
FV,barbell_n161,161,6322,0,REJECT,REJECT,True,166.83464004200005,2259,88.27303504127399,0.004392300647429113,barbell
FV,barbell_n161,161,6322,1,REJECT,REJECT,True,167.88209391700002,2259,88.27303504127399,0.004392300647429287,barbell
FV,barbell_n161,161,6322,2,REJECT,REJECT,True,171.61168966700006,2259,88.27303504127399,0.004392300647429287,barbell
FV,barbell_n161,161,6322,3,REJECT,REJECT,True,169.535283166,2259,88.27303504127399,0.004392300647429287,barbell
FV,barbell_n161,161,6322,4,REJECT,REJECT,True,165.50813195900037,2259,88.27303504127399,0.004392300647429113,barbell
FV,barbell_n321,321,25442,0,REJECT,REJECT,True,756.6742098340001,2566,100.26020129619488,0.002827160022804633,barbell
FV,barbell_n321,321,25442,1,REJECT,REJECT,True,757.7154445829997,2566,100.26020129619488,0.0028271600228046284,barbell
FV,barbell_n321,321,25442,2,REJECT,REJECT,True,761.06365525,2566,100.26020129619488,0.002827160022804633,barbell
FV,barbell_n321,321,25442,3,REJECT,REJECT,True,763.0090772500007,2566,100.26020129619488,0.002827160022804633,barbell
FV,barbell_n321,321,25442,4,REJECT,REJECT,True,755.3966963329995,2566,100.26020129619488,0.002827160022804633,barbell
